,OrderId,OrderQuantity,ExpectedDays,ActualDays,Profit,Status
0,1,143,9,11,36.45,0
1,2,848,8,8,30.26,1
2,3,336,6,6,37.42,1
3,4,231,9,9,32.85,1
4,5,762,6,6,35.32,1
5,6,147,10,10,36.11,1
6,7,590,6,6,37.51,1
7,8,251,10,10,32.35,1
8,9,618,9,9,35.07,1
9,10,348,10,10,38.99,1
10,11,914,3,3,34.26,1
11,12,899,3,3,35.63,1
12,13,539,8,13,30.97,0
13,14,723,3,5,38.99,0
14,15,828,9,9,36.57,1
15,16,854,3,3,39.6,1
16,17,758,3,3,38.78,1
17,18,325,7,7,30,1
18,19,560,7,7,39.15,1
19,20,829,9,9,39.18,1
20,21,226,6,8,39.42,0
21,22,512,5,5,30.19,1
22,23,447,7,7,30.36,1
23,24,841,4,4,40,1
24,25,995,8,8,36.34,1
25,26,745,3,3,37.87,1
26,27,309,10,12,36.91,0
27,28,918,8,8,35.4,1
28,29,156,3,3,34.06,1
29,30,164,6,6,31.43,1
30,31,568,8,8,31,1
31,32,877,3,3,35.07,1
32,33,137,7,7,36.21,1
33,34,644,8,8,36.29,1
34,35,717,6,6,33.33,1
35,36,346,10,13,36.86,0
36,37,742,3,3,35.17,1
37,38,420,9,9,36.03,1
38,39,992,6,6,38.03,1
39,40,141,7,7,33.91,1
40,41,446,4,7,31.45,0
41,42,437,8,9,38.22,0
42,43,708,5,8,39.19,0
43,44,259,10,10,33.92,1
44,45,784,3,3,32.61,1
45,46,664,9,14,37.37,0
46,47,922,4,4,34.61,1
47,48,515,8,8,32.94,1
48,49,875,8,11,30.26,0
49,50,309,4,4,30.15,1
50,51,405,7,7,38.47,1
51,52,887,4,4,33.18,1
52,53,199,7,7,39.5,1
53,54,573,5,5,33.93,1
54,55,750,5,5,32.07,1
55,56,555,10,11,38.05,0
56,57,707,4,4,39.73,1
57,58,399,5,5,31.73,1
58,59,431,6,6,34.21,1
59,60,491,9,11,35.32,0
60,61,118,9,9,36.67,1
61,62,156,5,7,34.95,0
62,63,816,7,7,35.97,1
63,64,366,7,7,35.44,1
64,65,228,3,3,32.11,1
65,66,197,4,4,38.48,1
66,67,189,4,8,31.9,0
67,68,235,10,10,31.7,1
68,69,258,4,4,32.79,1
69,70,337,6,6,34.07,1
70,71,704,9,13,35.81,0
71,72,136,6,10,39.56,0
72,73,639,4,4,38.3,1
73,74,840,5,5,34.16,1
74,75,339,3,3,31.98,1
75,76,976,4,4,36.37,1
76,77,283,6,6,35.76,1
77,78,163,3,3,30.96,1
78,79,798,10,10,30.93,1
79,80,597,8,8,38.09,1
80,81,221,4,4,30.7,1
81,82,923,5,5,36.38,1
82,83,470,3,3,30,1
83,84,935,10,10,39.75,1
84,85,591,4,4,35.45,1
85,86,520,4,4,37.02,1
86,87,804,4,4,30.8,1
87,88,446,4,4,32.74,1
88,89,190,8,8,36.94,1
89,90,382,9,9,31.59,1
90,91,469,7,7,35.14,1
91,92,688,7,7,34.46,1
92,93,568,3,3,36.96,1
93,94,398,7,10,37.05,0
94,95,819,3,3,32.28,1
95,96,323,6,6,35.12,1
96,97,609,5,5,33.55,1
97,98,516,7,12,35.78,0
98,99,652,8,8,39.37,1
99,100,389,9,9,31.21,1
100,101,277,3,3,38.13,1
101,102,520,3,4,39.42,0
102,103,833,10,10,33.49,1
103,104,126,7,7,36.14,1
104,105,999,9,9,36.29,1
105,106,787,6,6,37.37,1
106,107,981,9,9,38.8,1
107,108,965,4,6,32.04,0
108,109,211,8,8,38.44,1
109,110,885,8,8,37.15,1
110,111,910,10,10,34.98,1
111,112,525,6,7,36.3,0
112,113,109,5,5,31.4,1
113,114,144,7,7,32.59,1
114,115,630,6,6,37.13,1
115,116,671,9,13,36.86,0
116,117,924,9,13,39.35,0
117,118,674,8,8,35.14,1
118,119,947,8,8,35.48,1
119,120,797,3,3,36.99,1
120,121,262,6,7,35.04,0
121,122,708,10,13,33.99,0
122,123,323,7,8,33.16,0
123,124,180,5,5,33.02,1
124,125,702,8,13,38.59,0
125,126,152,6,6,35.22,1
126,127,757,6,6,37.65,1
127,128,236,7,7,34.23,1
128,129,468,5,5,36.72,1
129,130,778,3,3,32.56,1
130,131,551,8,8,39.38,1
131,132,313,9,9,33.98,1
132,133,894,7,7,38.2,1
133,134,857,7,7,32.41,1
134,135,218,10,11,34.66,0
135,136,689,8,8,34.32,1
136,137,581,3,3,36.59,1
137,138,858,3,3,37.51,1
138,139,702,5,9,31.17,0
139,140,155,8,13,30.26,0
140,141,529,7,7,37.09,1
141,142,743,3,3,31.45,1
142,143,637,8,8,31.13,1
143,144,201,7,7,35,1
144,145,142,9,9,36.73,1
145,146,273,6,8,35.54,0
146,147,452,7,9,34.72,0
147,148,634,5,5,35.64,1
148,149,268,10,10,39.92,1
149,150,574,10,10,37.72,1
150,151,805,5,5,39.9,1
151,152,705,10,10,32.96,1
152,153,414,7,7,35.47,1
153,154,320,6,9,37.6,0
154,155,840,7,8,35.11,0
155,156,676,6,6,34.12,1
156,157,192,8,8,38.42,1
157,158,410,5,5,36.58,1
158,159,234,6,6,32.81,1
159,160,609,10,15,31.55,0
160,161,379,3,4,30.45,0
161,162,365,10,10,38.37,1
162,163,553,6,6,31.63,1
163,164,388,3,8,31.67,0
164,165,718,8,8,37.89,1
165,166,718,10,15,35.87,0
166,167,272,7,7,36.2,1
167,168,109,9,11,30.84,0
168,169,873,4,5,36.19,0
169,170,270,5,8,39.49,0
170,171,986,5,5,38.98,1
171,172,618,6,6,34.73,1
172,173,158,9,14,32.86,0
173,174,172,10,10,39.89,1
174,175,967,8,8,39.34,1
175,176,591,4,4,34.14,1
176,177,330,5,6,34.35,0
177,178,593,3,3,30.2,1
178,179,172,9,9,33.83,1
179,180,504,10,10,39.77,1
180,181,702,4,4,38.28,1
181,182,757,4,9,37.62,0
182,183,654,9,10,34.79,0
183,184,970,6,6,30.31,1
184,185,585,10,10,32.85,1
185,186,503,6,6,34.8,1
186,187,638,10,15,38.13,0
187,188,222,10,10,34.08,1
188,189,722,4,4,37.32,1
189,190,649,7,7,31.24,1
190,191,480,6,6,32.71,1
191,192,297,9,9,34.41,1
192,193,108,7,12,37.74,0
193,194,323,6,6,31.89,1
194,195,960,5,5,30.94,1
195,196,990,7,7,37.51,1
196,197,614,5,9,37.37,0
197,198,303,4,4,37.23,1
198,199,501,8,13,39.15,0
199,200,955,3,3,33.91,1
200,201,259,10,10,38.18,1
201,202,637,9,9,33.32,1
202,203,901,10,15,38.82,0
203,204,626,3,3,33.9,1
204,205,713,6,6,33.13,1
205,206,364,10,14,35.88,0
206,207,498,8,8,35.93,1
207,208,567,10,10,37.32,1
208,209,558,10,10,36.33,1
209,210,675,3,5,34.36,0
210,211,346,10,13,35.41,0
211,212,395,5,5,38.69,1
212,213,824,4,7,38.34,0
213,214,982,8,12,37.97,0
214,215,942,4,4,36.24,1
215,216,863,10,10,33.45,1
216,217,731,6,10,37.6,0
217,218,404,10,10,35.41,1
218,219,636,4,4,38.71,1
219,220,114,7,7,33.54,1
220,221,783,9,9,36.16,1
221,222,651,10,14,35.51,0
222,223,639,10,10,37.18,1
223,224,164,3,3,37.9,1
224,225,515,3,6,32.54,0
225,226,370,5,6,30.95,0
226,227,394,4,4,30.1,1
227,228,440,10,10,36.18,1
228,229,600,3,3,37.48,1
229,230,681,9,9,36.82,1
230,231,640,6,6,37.45,1
231,232,549,9,9,39.17,1
232,233,507,3,3,31.48,1
233,234,111,4,4,36.05,1
234,235,403,5,5,38.65,1
235,236,781,7,7,31.62,1
236,237,337,4,4,32.91,1
237,238,472,8,8,35.79,1
238,239,537,3,7,38.04,0
239,240,221,10,11,36.96,0
240,241,858,10,10,33.68,1
241,242,663,9,9,33.1,1
242,243,321,7,7,35.64,1
243,244,584,6,6,38.63,1
244,245,838,10,11,33.53,0
245,246,913,4,9,30.78,0
246,247,619,6,6,38.2,1
247,248,253,10,10,35.77,1
248,249,544,5,5,36.6,1
249,250,935,8,8,35.17,1
250,251,170,7,7,39.61,1
251,252,371,9,9,32.06,1
252,253,360,5,7,31.79,0
253,254,252,7,10,30.83,0
254,255,559,6,6,35.77,1
255,256,223,4,4,38.51,1
256,257,568,10,15,30.48,0
257,258,490,3,6,33.32,0
258,259,748,7,7,34.94,1
259,260,740,7,7,36.1,1
260,261,941,7,12,38.52,0
261,262,401,3,3,31.62,1
262,263,376,3,3,39.46,1
263,264,926,8,8,37.73,1
264,265,294,6,6,33.92,1
265,266,145,8,8,34.87,1
266,267,709,6,6,31.17,1
267,268,680,9,9,31.07,1
268,269,110,3,3,35.02,1
269,270,803,6,6,39.15,1
270,271,105,7,7,36.59,1
271,272,666,9,10,38.08,0
272,273,350,4,4,37.11,1
273,274,360,3,3,37.69,1
274,275,805,4,4,31.57,1
275,276,233,3,3,37.46,1
276,277,929,7,7,32.56,1
277,278,650,6,9,33.64,0
278,279,599,3,3,36.83,1
279,280,941,7,7,34.86,1
280,281,842,4,7,33.98,0
281,282,142,7,7,32.69,1
282,283,678,7,7,30.84,1
283,284,669,10,10,37.38,1
284,285,503,10,10,37.77,1
285,286,243,3,3,34.01,1
286,287,267,8,8,32.35,1
287,288,338,8,8,37.14,1
288,289,666,10,13,38.48,0
289,290,762,10,10,38.56,1
290,291,846,4,4,32.38,1
291,292,583,9,9,36.36,1
292,293,131,7,7,32.14,1
293,294,637,7,9,30.41,0
294,295,551,4,5,30.21,0
295,296,967,5,5,35.59,1
296,297,349,4,4,32.61,1
297,298,528,7,7,35.24,1
298,299,381,4,4,35.19,1
299,300,853,6,6,37.11,1
300,301,400,8,8,34.14,1
301,302,908,10,10,37.03,1
302,303,801,5,6,38.27,0
303,304,749,9,13,34.91,0
304,305,998,8,8,35.33,1
305,306,319,8,8,30.67,1
306,307,884,3,3,35.92,1
307,308,489,7,7,30.03,1
308,309,655,9,9,37.19,1
309,310,264,10,15,38.02,0
310,311,338,10,10,38.74,1
311,312,227,6,6,32.82,1
312,313,437,6,11,37.44,0
313,314,527,10,10,38.1,1
314,315,509,10,10,37.71,1
315,316,704,4,9,33.96,0
316,317,124,8,8,35.55,1
317,318,228,3,3,35.96,1
318,319,441,10,14,39.22,0
319,320,813,3,4,36.18,0
320,321,231,10,10,38.07,1
321,322,847,10,10,38.86,1
322,323,971,7,9,32.42,0
323,324,609,4,4,39.04,1
324,325,647,3,3,37.48,1
325,326,990,6,6,36.31,1
326,327,115,5,5,38.49,1
327,328,327,6,10,33.18,0
328,329,602,7,7,30.15,1
329,330,621,8,8,33.38,1
330,331,394,9,10,36.34,0
331,332,765,8,8,36.42,1
332,333,367,10,10,33.94,1
333,334,568,8,13,35.57,0
334,335,474,8,8,30.4,1
335,336,481,10,10,35.91,1
336,337,317,5,5,38.55,1
337,338,741,9,9,33.18,1
338,339,258,6,6,38.76,1
339,340,175,4,4,38.49,1
340,341,922,6,6,39.31,1
341,342,873,10,10,33.77,1
342,343,699,7,7,30.04,1
343,344,387,10,10,36.78,1
344,345,251,5,5,33.76,1
345,346,928,7,9,35.22,0
346,347,350,6,6,32.86,1
347,348,939,10,10,38.52,1
348,349,539,5,9,32.44,0
349,350,245,4,5,30.95,0
350,351,619,5,5,36.72,1
351,352,549,3,7,36.66,0
352,353,875,6,6,35.08,1
353,354,171,7,7,32.29,1
354,355,957,7,7,34.31,1
355,356,605,9,12,33.17,0
356,357,455,4,4,30.81,1
357,358,153,4,6,36.87,0
358,359,156,5,8,36.98,0
359,360,789,6,10,34.52,0
360,361,140,4,4,39.79,1
361,362,407,5,5,36.26,1
362,363,669,8,10,35.58,0
363,364,994,4,4,39.35,1
364,365,168,5,7,30.41,0
365,366,925,6,6,33.24,1
366,367,383,10,10,34.99,1
367,368,918,3,3,34.79,1
368,369,721,8,8,38.8,1
369,370,799,9,9,38.61,1
370,371,114,6,8,30.46,0
371,372,367,6,6,35.74,1
372,373,901,9,9,31.67,1
373,374,914,6,6,32.26,1
374,375,225,8,8,39.01,1
375,376,650,8,8,38.25,1
376,377,577,6,6,37.01,1
377,378,937,5,5,32.62,1
378,379,352,9,9,36.8,1
379,380,912,5,5,38.01,1
380,381,803,6,6,30.57,1
381,382,265,10,10,32.9,1
382,383,865,7,12,35.57,0
383,384,512,10,10,31.41,1
384,385,889,6,6,32.99,1
385,386,589,6,6,39.36,1
386,387,328,9,9,33.21,1
387,388,346,8,8,30.46,1
388,389,248,3,3,32.97,1
389,390,776,4,4,33.48,1
390,391,683,4,4,30.56,1
391,392,318,6,6,38.97,1
392,393,349,3,3,31.68,1
393,394,166,6,6,38.37,1
394,395,492,4,6,39.57,0
395,396,213,10,10,31.11,1
396,397,902,4,4,36.79,1
397,398,816,9,9,31.63,1
398,399,682,8,8,37.72,1
399,400,233,5,5,37.12,1
400,401,693,9,12,39.68,0
401,402,763,10,15,31.75,0
402,403,843,8,8,39.53,1
403,404,392,3,3,31.04,1
404,405,354,10,11,30.71,0
405,406,235,9,9,33.36,1
406,407,647,8,8,36.53,1
407,408,462,10,10,34.52,1
408,409,268,7,7,32.77,1
409,410,720,9,9,34.2,1
410,411,167,6,6,34.41,1
411,412,167,3,5,39.4,0
412,413,302,9,9,37.51,1
413,414,138,6,6,34.85,1
414,415,936,6,6,32.71,1
415,416,272,6,6,39.96,1
416,417,240,6,10,30.9,0
417,418,766,9,14,37.43,0
418,419,238,5,5,36.6,1
419,420,409,9,14,32.29,0
420,421,496,4,4,31.95,1
421,422,786,10,11,39.65,0
422,423,137,7,9,32.77,0
423,424,836,3,8,37.79,0
424,425,685,4,4,36.46,1
425,426,151,7,7,37.68,1
426,427,535,7,7,31.75,1
427,428,995,8,8,35.16,1
428,429,134,4,4,33.27,1
429,430,948,8,12,34.48,0
430,431,383,8,8,31.73,1
431,432,293,3,3,37.38,1
432,433,586,4,5,32.68,0
433,434,288,8,10,35.46,0
434,435,279,5,5,34.82,1
435,436,933,3,3,38.07,1
436,437,834,7,7,37.92,1
437,438,729,3,3,31.54,1
438,439,523,8,8,37.28,1
439,440,473,4,9,38.23,0
440,441,177,3,3,39.78,1
441,442,104,7,7,32.43,1
442,443,950,3,3,36.6,1
443,444,638,5,5,31.01,1
444,445,793,7,9,36.63,0
445,446,334,4,4,33.17,1
446,447,897,6,8,38.76,0
447,448,351,10,10,36.38,1
448,449,192,9,9,31.59,1
449,450,819,6,6,36.96,1
450,451,365,8,8,34.51,1
451,452,508,9,9,36.35,1
452,453,636,5,5,37.74,1
453,454,832,3,3,31.26,1
454,455,222,7,7,37.98,1
455,456,818,3,3,33.07,1
456,457,379,10,15,31.85,0
457,458,947,9,9,31.96,1
458,459,654,6,6,39.44,1
459,460,747,10,10,30.83,1
460,461,846,3,3,30.98,1
461,462,356,9,9,39.07,1
462,463,407,6,6,35.02,1
463,464,276,7,7,37.82,1
464,465,819,10,10,39.32,1
465,466,264,4,4,31.37,1
466,467,473,10,10,35.11,1
467,468,147,3,3,35,1
468,469,105,6,6,33.14,1
469,470,821,8,8,37,1
470,471,238,3,3,31.2,1
471,472,312,7,8,33.78,0
472,473,697,9,9,36.14,1
473,474,590,10,10,31.63,1
474,475,644,5,5,38.52,1
475,476,411,4,4,39.16,1
476,477,832,8,8,33.2,1
477,478,800,4,6,32.58,0
478,479,834,7,7,39.16,1
479,480,627,8,8,31.27,1
480,481,555,6,7,31.91,0
481,482,101,7,7,34.9,1
482,483,993,10,10,38.78,1
483,484,814,8,8,33.13,1
484,485,692,9,9,39.27,1
485,486,707,9,9,34.69,1
486,487,544,6,8,33.63,0
487,488,795,8,8,36.67,1
488,489,769,7,7,32.34,1
489,490,845,10,11,37.12,0
490,491,979,4,4,31.61,1
491,492,420,6,7,40,0
492,493,308,4,4,32.81,1
493,494,242,6,6,34.11,1
494,495,605,7,7,38.43,1
495,496,967,6,6,36.32,1
496,497,243,5,5,34.82,1
497,498,369,10,10,35.73,1
498,499,389,5,5,37.13,1
499,500,336,10,10,34.96,1
500,501,585,7,7,38.67,1
501,502,160,9,9,34.23,1
502,503,506,5,5,34.53,1
503,504,696,9,9,34.02,1
504,505,921,10,13,30.98,0
505,506,108,5,5,33.16,1
506,507,140,6,6,33.28,1
507,508,803,8,12,32.76,0
508,509,992,8,8,36.45,1
509,510,521,5,5,35.94,1
510,511,186,3,3,32.31,1
511,512,281,4,4,38.14,1
512,513,737,4,4,36.07,1
513,514,262,7,11,30.22,0
514,515,797,9,9,30.19,1
515,516,266,4,4,39.82,1
516,517,659,4,4,33.15,1
517,518,767,9,9,37.25,1
518,519,927,7,7,32.05,1
519,520,540,5,5,36.7,1
520,521,340,7,7,37.28,1
521,522,494,6,11,36.46,0
522,523,875,6,6,39.42,1
523,524,567,6,6,34.4,1
524,525,652,9,9,30.72,1
525,526,442,7,7,38.05,1
526,527,756,4,4,30.83,1
527,528,803,5,5,30.19,1
528,529,369,10,10,33.58,1
529,530,965,6,6,39.02,1
530,531,534,4,5,36.53,0
531,532,942,3,3,32.47,1
532,533,846,7,7,36.71,1
533,534,230,4,8,33.57,0
534,535,980,4,4,37.05,1
535,536,142,10,10,34.01,1
536,537,207,10,10,35.93,1
537,538,387,7,7,32.61,1
538,539,864,5,5,38.04,1
539,540,255,5,6,31.85,0
540,541,414,8,8,39.45,1
541,542,177,9,9,37.01,1
542,543,315,3,3,36.77,1
543,544,358,8,8,33.34,1
544,545,739,7,7,32.61,1
545,546,221,8,13,35.29,0
546,547,791,4,4,35.25,1
547,548,429,9,13,31.14,0
548,549,903,3,3,37.55,1
549,550,704,4,4,30.24,1
550,551,932,5,5,30.24,1
551,552,804,3,3,36.12,1
552,553,706,3,3,30.63,1
553,554,125,10,10,35.44,1
554,555,634,3,3,38.35,1
555,556,811,10,10,35.28,1
556,557,484,8,13,33.65,0
557,558,463,7,10,37.26,0
558,559,518,3,3,38.6,1
559,560,793,7,7,34.05,1
560,561,647,7,9,31.54,0
561,562,704,3,5,32.79,0
562,563,964,5,5,35.5,1
563,564,984,3,3,33,1
564,565,594,5,7,37.53,0
565,566,231,8,8,39.79,1
566,567,305,10,10,30.23,1
567,568,627,10,10,34.31,1
568,569,247,6,10,33.64,0
569,570,614,5,5,30.64,1
570,571,604,4,4,30.39,1
571,572,510,4,4,33.46,1
572,573,754,4,4,35.87,1
573,574,420,3,3,32.2,1
574,575,819,4,4,36.48,1
575,576,486,4,4,31.61,1
576,577,440,3,3,30.41,1
577,578,893,3,3,39.42,1
578,579,853,6,10,31.42,0
579,580,480,10,10,32.99,1
580,581,915,4,4,37.07,1
581,582,253,9,9,31.28,1
582,583,702,3,3,37.61,1
583,584,704,4,4,39.33,1
584,585,709,10,10,36.74,1
585,586,189,9,9,34.33,1
586,587,252,7,7,30.32,1
587,588,404,3,3,35.35,1
588,589,648,10,15,34.86,0
589,590,987,6,6,32.49,1
590,591,588,4,4,33.11,1
591,592,975,7,7,34.25,1
592,593,238,7,7,34.49,1
593,594,955,6,6,30.88,1
594,595,759,7,7,34.74,1
595,596,321,5,5,39,1
596,597,559,8,12,39.77,0
597,598,721,5,9,34.78,0
598,599,469,5,5,35.1,1
599,600,787,8,8,35.38,1
600,601,247,5,5,33.74,1
601,602,215,5,5,37.64,1
602,603,405,6,6,32.01,1
603,604,539,8,8,37.09,1
604,605,189,3,3,39.29,1
605,606,743,9,9,31.39,1
606,607,339,7,7,37.58,1
607,608,152,3,3,35.16,1
608,609,670,10,10,32,1
609,610,429,7,7,32.84,1
610,611,512,6,6,32.32,1
611,612,504,5,5,38.17,1
612,613,172,5,5,32.24,1
613,614,666,9,9,39.3,1
614,615,901,4,6,39.92,0
615,616,498,3,3,33.95,1
616,617,633,9,14,38.59,0
617,618,690,10,10,35.94,1
618,619,945,5,5,34.74,1
619,620,919,8,8,36.13,1
620,621,905,6,6,31.44,1
621,622,397,7,7,34.98,1
622,623,811,6,6,39.36,1
623,624,957,9,9,36.29,1
624,625,555,10,10,30.02,1
625,626,487,6,6,36.61,1
626,627,458,4,4,39.05,1
627,628,364,5,5,35.86,1
628,629,523,6,6,34.34,1
629,630,442,9,9,31.88,1
630,631,103,6,6,39.95,1
631,632,388,3,4,31.47,0
632,633,247,10,10,36.59,1
633,634,761,5,5,34.18,1
634,635,209,7,7,34.27,1
635,636,558,8,8,30.66,1
636,637,903,3,3,33.28,1
637,638,364,9,9,33.21,1
638,639,197,7,11,35.67,0
639,640,971,7,8,32.99,0
640,641,557,9,9,37.44,1
641,642,980,10,15,38.32,0
642,643,282,5,5,38.3,1
643,644,662,5,5,37.67,1
644,645,513,6,6,37.9,1
645,646,788,9,9,30.68,1
646,647,998,9,9,30.58,1
647,648,613,8,8,39.22,1
648,649,906,6,6,30.5,1
649,650,798,5,5,34.65,1
650,651,103,8,8,36.62,1
651,652,647,4,4,31.78,1
652,653,424,3,3,32.4,1
653,654,824,4,4,36.51,1
654,655,445,4,8,33.16,0
655,656,600,9,9,38.73,1
656,657,273,4,4,35.57,1
657,658,317,10,10,33.48,1
658,659,502,6,8,31.07,0
659,660,363,9,9,37.78,1
660,661,886,9,9,36.95,1
661,662,662,10,10,30,1
662,663,265,5,5,38.68,1
663,664,549,10,11,32.82,0
664,665,531,7,7,30.17,1
665,666,225,4,4,33.95,1
666,667,362,8,8,33.77,1
667,668,736,10,10,39.19,1
668,669,452,6,6,33.23,1
669,670,651,5,5,35.36,1
670,671,443,5,10,39.97,0
671,672,958,5,5,35.1,1
672,673,931,8,8,35.63,1
673,674,759,6,6,39.24,1
674,675,767,9,9,38.24,1
675,676,959,6,6,39.27,1
676,677,284,3,3,33.88,1
677,678,471,5,5,31.87,1
678,679,402,8,12,33.09,0
679,680,954,7,7,34.29,1
680,681,562,9,9,32.12,1
681,682,711,7,7,30.19,1
682,683,409,4,4,33.77,1
683,684,217,6,6,36.49,1
684,685,998,3,3,33.47,1
685,686,310,10,10,31.71,1
686,687,111,6,11,38.4,0
687,688,642,3,3,37.05,1
688,689,340,5,5,37.82,1
689,690,980,4,4,32.68,1
690,691,575,6,6,31.9,1
691,692,333,10,10,30.95,1
692,693,237,5,5,33.18,1
693,694,650,8,8,30.6,1
694,695,791,10,10,30.55,1
695,696,410,5,5,31.9,1
696,697,597,9,9,33.1,1
697,698,401,9,9,35.16,1
698,699,872,10,10,34.48,1
699,700,577,8,8,35.47,1
700,701,761,8,13,39.58,0
701,702,868,6,6,38.76,1
702,703,176,9,9,35.51,1
703,704,718,9,9,39.09,1
704,705,470,6,8,34.65,0
705,706,934,4,4,38.24,1
706,707,178,7,7,36.91,1
707,708,880,6,6,37.57,1
708,709,326,5,5,36.63,1
709,710,765,4,4,32.03,1
710,711,998,6,9,34.29,0
711,712,945,7,7,33.25,1
712,713,334,5,5,32.49,1
713,714,191,4,4,36.39,1
714,715,716,7,7,35.71,1
715,716,913,3,3,31.34,1
716,717,872,9,9,38.16,1
717,718,326,10,13,31.42,0
718,719,223,6,6,39.76,1
719,720,333,6,6,36.44,1
720,721,982,8,9,38.41,0
721,722,596,8,8,37.62,1
722,723,247,3,6,31.25,0
723,724,283,8,13,35.79,0
724,725,908,9,14,32.99,0
725,726,315,6,6,35.78,1
726,727,477,7,7,34.43,1
727,728,796,3,3,32.4,1
728,729,101,5,5,34.6,1
729,730,851,5,10,36.89,0
730,731,650,5,5,39.18,1
731,732,672,4,4,38.67,1
732,733,565,4,4,36.52,1
733,734,749,5,5,34.83,1
734,735,630,9,9,37.2,1
735,736,586,6,6,35.16,1
736,737,534,3,4,35.39,0
737,738,917,8,8,39.53,1
738,739,803,10,10,32.94,1
739,740,185,7,10,30.67,0
740,741,471,4,4,38.31,1
741,742,438,4,4,37.11,1
742,743,938,6,6,33.56,1
743,744,348,9,9,38.22,1
744,745,793,10,10,36.11,1
745,746,907,5,5,35.69,1
746,747,607,9,9,35.98,1
747,748,874,7,7,33.5,1
748,749,911,9,9,35.25,1
749,750,419,10,10,31.54,1
750,751,138,3,3,37.93,1
751,752,921,10,10,36.53,1
752,753,986,5,5,31.27,1
753,754,371,8,8,36.3,1
754,755,991,8,8,36.75,1
755,756,257,4,4,35.84,1
756,757,484,9,9,33.13,1
757,758,960,7,8,30.76,0
758,759,781,6,6,35.24,1
759,760,598,4,4,32.66,1
760,761,641,6,6,30.14,1
761,762,747,9,9,36.61,1
762,763,981,3,3,34.71,1
763,764,261,10,13,31.67,0
764,765,634,7,7,32.08,1
765,766,474,3,3,37.51,1
766,767,645,10,10,37.54,1
767,768,910,4,9,34.7,0
768,769,900,9,11,35.83,0
769,770,276,5,5,37.95,1
770,771,270,9,9,39.72,1
771,772,949,6,6,33.61,1
772,773,409,8,8,39.47,1
773,774,549,8,8,33.11,1
774,775,332,8,9,30.52,0
775,776,710,10,12,35.66,0
776,777,219,8,8,30.21,1
777,778,285,4,4,31.98,1
778,779,159,6,6,31.81,1
779,780,182,6,8,39,0
780,781,474,7,11,38.9,0
781,782,267,8,12,31.17,0
782,783,434,3,3,39.85,1
783,784,297,8,8,33.52,1
784,785,189,5,5,31.83,1
785,786,981,9,9,33.1,1
786,787,798,3,3,33.31,1
787,788,658,6,8,37.37,0
788,789,487,3,5,39.25,0
789,790,889,8,8,39.8,1
790,791,210,10,10,37.37,1
791,792,723,10,10,37.77,1
792,793,446,5,5,30.18,1
793,794,734,3,5,36.34,0
794,795,900,7,7,33.12,1
795,796,373,10,10,35.49,1
796,797,308,4,9,38.11,0
797,798,372,10,10,36.05,1
798,799,419,6,6,33.24,1
799,800,430,5,7,30.56,0
800,801,267,8,8,38.47,1
801,802,556,9,13,37.79,0
802,803,120,7,7,34.92,1
803,804,692,10,12,39.57,0
804,805,112,4,4,38.4,1
805,806,516,5,5,34.57,1
806,807,880,9,9,36.6,1
807,808,197,5,5,37.45,1
808,809,401,10,10,35.38,1
809,810,566,10,10,34.93,1
810,811,836,9,9,31.11,1
811,812,148,8,8,37.11,1
812,813,984,4,8,30.77,0
813,814,575,7,7,39.87,1
814,815,1000,6,6,31.11,1
815,816,844,8,8,31.33,1
816,817,198,7,7,31.14,1
817,818,325,4,4,30.06,1
818,819,450,7,10,39.96,0
819,820,533,10,10,36.78,1
820,821,488,6,6,38.84,1
821,822,729,9,9,31.13,1
822,823,107,10,10,38.29,1
823,824,529,6,6,39.16,1
824,825,690,10,10,36.98,1
825,826,660,8,8,36.56,1
826,827,827,9,9,33.11,1
827,828,634,9,9,37.23,1
828,829,777,8,8,34.93,1
829,830,965,5,5,36.88,1
830,831,159,10,10,37.57,1
831,832,465,5,5,39.92,1
832,833,574,7,10,35.21,0
833,834,106,6,6,33.67,1
834,835,337,6,11,34.8,0
835,836,312,4,4,38.5,1
836,837,188,3,4,39.28,0
837,838,944,5,5,39.34,1
838,839,487,3,3,31.22,1
839,840,877,7,7,31.91,1
840,841,806,9,11,36.98,0
841,842,200,3,3,31.17,1
842,843,507,7,7,38.45,1
843,844,391,8,12,38.28,0
844,845,285,4,4,33.21,1
845,846,321,3,3,37.26,1
846,847,921,8,8,32.58,1
847,848,758,10,15,39.98,0
848,849,419,9,9,31.97,1
849,850,346,3,3,30.89,1
850,851,297,9,9,37.48,1
851,852,267,10,10,38.4,1
852,853,219,7,7,38.52,1
853,854,429,5,5,36.91,1
854,855,893,7,7,35.63,1
855,856,982,5,9,34.68,0
856,857,140,7,7,37.54,1
857,858,279,10,10,33.87,1
858,859,447,9,9,34.85,1
859,860,233,6,6,37.13,1
860,861,559,9,9,34.02,1
861,862,998,9,9,35.14,1
862,863,779,10,10,31.93,1
863,864,561,5,7,37.46,0
864,865,447,9,9,36.57,1
865,866,675,6,6,31.13,1
866,867,372,3,3,38.22,1
867,868,800,4,4,37.34,1
868,869,774,7,7,36.25,1
869,870,371,8,8,36.33,1
870,871,996,10,11,33.27,0
871,872,299,7,7,34.29,1
872,873,233,9,9,38.67,1
873,874,589,4,5,38.47,0
874,875,251,4,8,31.1,0
875,876,382,3,4,34.05,0
876,877,594,4,7,30.14,0
877,878,947,10,10,35.44,1
878,879,837,3,3,32.58,1
879,880,181,7,7,37.59,1
880,881,510,10,10,33.27,1
881,882,696,4,4,33.57,1
882,883,332,9,9,35.99,1
883,884,600,8,13,33.29,0
884,885,741,10,11,37.95,0
885,886,212,5,5,30.1,1
886,887,973,6,11,35.53,0
887,888,186,10,10,35.45,1
888,889,569,10,10,38.38,1
889,890,962,8,8,33.58,1
890,891,739,10,12,37.18,0
891,892,451,5,5,38.26,1
892,893,611,8,8,38.52,1
893,894,943,5,5,35.1,1
894,895,353,7,7,35.6,1
895,896,985,8,8,36.47,1
896,897,621,10,15,38.87,0
897,898,565,7,10,38.3,0
898,899,687,5,5,33.45,1
899,900,659,6,7,37.81,0
900,901,480,6,6,38.82,1
901,902,835,3,3,30.19,1
902,903,522,5,5,33.61,1
903,904,893,10,10,34.83,1
904,905,763,7,10,37.7,0
905,906,836,5,5,30.13,1
906,907,571,5,5,39.37,1
907,908,881,3,3,33.98,1
908,909,766,5,5,37.41,1
909,910,105,8,12,31.08,0
910,911,236,10,10,37.72,1
911,912,263,6,6,30.44,1
912,913,676,3,6,37.37,0
913,914,390,3,3,39.92,1
914,915,248,9,11,36.87,0
915,916,343,4,9,32.45,0
916,917,940,8,8,38.87,1
917,918,603,9,9,36.42,1
918,919,877,8,8,39.93,1
919,920,470,6,7,30.68,0
920,921,841,6,6,31.43,1
921,922,267,9,9,37.88,1
922,923,371,4,6,39.25,0
923,924,460,10,10,33.99,1
924,925,509,8,9,32.21,0
925,926,768,10,10,36.14,1
926,927,645,3,3,37.8,1
927,928,805,3,3,39.77,1
928,929,926,4,4,35.85,1
929,930,559,8,8,30.66,1
930,931,791,7,7,37.59,1
931,932,571,10,10,37.37,1
932,933,854,6,6,30.85,1
933,934,948,6,6,37.11,1
934,935,877,6,6,33.59,1
935,936,946,3,7,35.3,0
936,937,638,7,7,36.74,1
937,938,309,7,7,35.88,1
938,939,495,7,7,30.09,1
939,940,797,7,7,35.08,1
940,941,357,7,8,33.05,0
941,942,235,9,9,35.18,1
942,943,510,7,7,36.69,1
943,944,658,5,5,38.54,1
944,945,981,5,5,37.84,1
945,946,398,6,9,37.01,0
946,947,424,10,10,34.05,1
947,948,136,10,10,32.26,1
948,949,273,3,3,39.56,1
949,950,697,3,3,31.72,1
950,951,812,10,10,33.86,1
951,952,102,4,4,36.75,1
952,953,622,10,12,30.52,0
953,954,184,9,9,37.82,1
954,955,833,10,14,32.7,0
955,956,474,6,6,33.71,1
956,957,736,5,6,30.19,0
957,958,890,9,9,32.75,1
958,959,927,5,5,31.39,1
959,960,366,8,8,32.06,1
960,961,931,8,8,30.87,1
961,962,173,10,10,39.31,1
962,963,425,6,6,33.43,1
963,964,649,7,7,35.12,1
964,965,106,8,8,39.25,1
965,966,798,9,9,35.71,1
966,967,285,7,7,34.33,1
967,968,232,8,8,35.11,1
968,969,907,4,4,31.98,1
969,970,593,10,10,34.68,1
970,971,482,8,8,35.8,1
971,972,461,8,12,34.83,0
972,973,387,8,8,38,1
973,974,938,8,8,32.99,1
974,975,685,4,4,33.26,1
975,976,559,8,8,39.24,1
976,977,587,5,5,38.06,1
977,978,709,6,6,32.29,1
978,979,711,3,3,35.46,1
979,980,324,4,4,38.43,1
980,981,466,3,3,39.99,1
981,982,548,9,9,35.42,1
982,983,562,7,8,31.66,0
983,984,114,4,4,32.38,1
984,985,573,10,11,36.78,0
985,986,505,9,9,39.06,1
986,987,837,3,3,32.26,1
987,988,255,8,12,32.06,0
988,989,719,6,10,36.16,0
989,990,671,8,8,30.08,1
990,991,374,8,8,33.34,1
991,992,558,10,14,35.13,0
992,993,156,5,5,34.24,1
993,994,331,8,8,36.87,1
994,995,609,4,6,34.12,0
995,996,417,7,7,36.52,1
996,997,853,8,8,39.18,1
997,998,628,8,8,30.33,1
998,999,391,3,3,39.42,1
999,1000,850,3,3,39.36,1
1000,1001,969,7,7,30.59,1
1001,1002,245,3,3,34,1
1002,1003,551,4,4,35.3,1
1003,1004,169,3,3,33.85,1
1004,1005,481,10,11,30.87,0
1005,1006,670,9,9,38.71,1
1006,1007,367,10,10,33.02,1
1007,1008,243,6,6,38.36,1
1008,1009,938,5,5,36,1
1009,1010,522,7,11,32.5,0
1010,1011,184,4,4,38.02,1
1011,1012,570,9,9,31.48,1
1012,1013,276,10,10,38.57,1
1013,1014,700,9,11,39.3,0
1014,1015,290,5,5,30.32,1
1015,1016,313,9,9,37.85,1
1016,1017,694,7,7,31.56,1
1017,1018,632,3,3,38.78,1
1018,1019,859,8,8,36.02,1
1019,1020,633,4,4,34.1,1
1020,1021,320,6,6,35.46,1
1021,1022,162,10,10,32.92,1
1022,1023,543,6,6,31.29,1
1023,1024,770,6,6,37.07,1
1024,1025,599,4,4,31.24,1
1025,1026,275,5,6,35.91,0
1026,1027,256,7,7,35.8,1
1027,1028,280,7,7,37.34,1
1028,1029,986,4,4,31.23,1
1029,1030,107,8,13,31.27,0
1030,1031,750,8,8,38.71,1
1031,1032,171,5,5,36.53,1
1032,1033,594,3,3,39.97,1
1033,1034,166,4,4,32.85,1
1034,1035,848,4,4,32.19,1
1035,1036,989,4,4,38.76,1
1036,1037,956,3,7,30.93,0
1037,1038,431,3,3,35.22,1
1038,1039,426,8,8,37.89,1
1039,1040,583,6,6,30.29,1
1040,1041,782,10,12,32.64,0
1041,1042,927,10,10,36.24,1
1042,1043,294,8,8,39.24,1
1043,1044,212,3,5,38.62,0
1044,1045,190,6,6,31.99,1
1045,1046,751,3,7,39.4,0
1046,1047,656,8,8,32.7,1
1047,1048,814,5,5,36.97,1
1048,1049,383,8,8,33.88,1
1049,1050,599,3,7,37.45,0
1050,1051,267,6,6,30.21,1
1051,1052,918,8,8,37.96,1
1052,1053,281,6,8,39.48,0
1053,1054,802,3,6,31.49,0
1054,1055,873,7,10,33.59,0
1055,1056,901,10,11,35.46,0
1056,1057,309,5,6,30.42,0
1057,1058,294,8,8,30.53,1
1058,1059,178,7,7,39.18,1
1059,1060,571,10,10,33.55,1
1060,1061,972,7,7,33.1,1
1061,1062,821,6,6,33.38,1
1062,1063,951,3,4,33.79,0
1063,1064,176,10,10,31.34,1
1064,1065,130,6,6,37.39,1
1065,1066,451,5,5,38.75,1
1066,1067,956,5,10,37.4,0
1067,1068,942,5,5,38.52,1
1068,1069,924,10,10,37.03,1
1069,1070,452,7,7,33.97,1
1070,1071,338,8,8,31.22,1
1071,1072,158,10,10,38.28,1
1072,1073,134,9,9,35.67,1
1073,1074,183,9,9,32.32,1
1074,1075,186,8,8,37.16,1
1075,1076,827,7,7,39.74,1
1076,1077,413,6,6,36.57,1
1077,1078,485,6,8,37.2,0
1078,1079,590,10,14,31.45,0
1079,1080,858,6,6,38.77,1
1080,1081,412,4,4,32.58,1
1081,1082,670,8,8,38.93,1
1082,1083,802,7,10,39.29,0
1083,1084,735,10,10,33.46,1
1084,1085,1001,6,9,39.42,0
1085,1086,724,4,4,30.01,1
1086,1087,629,4,4,31.82,1
1087,1088,397,10,10,32.8,1
1088,1089,399,8,8,31.43,1
1089,1090,821,4,4,31.99,1
1090,1091,946,6,8,32.28,0
1091,1092,392,6,6,33.47,1
1092,1093,581,3,3,38.5,1
1093,1094,563,4,4,36.18,1
1094,1095,228,5,5,31.57,1
1095,1096,341,9,9,39.87,1
1096,1097,439,8,12,38.51,0
1097,1098,344,8,8,34.08,1
1098,1099,656,5,9,34.58,0
1099,1100,224,5,5,30.04,1
1100,1101,583,4,9,38.3,0
1101,1102,403,4,4,30.39,1
1102,1103,577,5,5,35.38,1
1103,1104,878,6,6,34.47,1
1104,1105,483,3,3,38.29,1
1105,1106,329,7,7,32.29,1
1106,1107,191,3,3,39.2,1
1107,1108,543,3,3,38.15,1
1108,1109,914,5,5,30.46,1
1109,1110,149,3,3,32.54,1
1110,1111,387,3,3,39.58,1
1111,1112,943,9,9,33.23,1
1112,1113,418,7,11,34.93,0
1113,1114,822,6,6,39.51,1
1114,1115,773,9,9,38.33,1
1115,1116,303,10,10,37.61,1
1116,1117,383,9,9,37.65,1
1117,1118,219,4,4,33.74,1
1118,1119,723,7,7,35.86,1
1119,1120,680,8,12,37.35,0
1120,1121,879,9,9,32.16,1
1121,1122,797,8,8,31.73,1
1122,1123,382,10,10,37.34,1
1123,1124,348,7,7,36.49,1
1124,1125,517,5,5,31.87,1
1125,1126,495,9,9,36.59,1
1126,1127,486,8,8,30.82,1
1127,1128,194,4,4,31.44,1
1128,1129,399,4,4,32.34,1
1129,1130,354,5,5,36.26,1
1130,1131,845,5,5,35,1
1131,1132,573,10,10,32.49,1
1132,1133,224,5,5,34.88,1
1133,1134,605,8,9,34.78,0
1134,1135,540,5,5,38.06,1
1135,1136,415,4,4,37.68,1
1136,1137,161,8,13,32.26,0
1137,1138,609,6,6,33.58,1
1138,1139,735,9,12,31,0
1139,1140,714,5,5,34.61,1
1140,1141,579,8,9,33.78,0
1141,1142,543,8,8,39.59,1
1142,1143,740,8,8,36.29,1
1143,1144,734,4,4,30.19,1
1144,1145,219,4,4,34.03,1
1145,1146,634,8,8,35.81,1
1146,1147,832,3,3,39.84,1
1147,1148,940,10,10,34.09,1
1148,1149,547,7,7,34.04,1
1149,1150,681,8,8,37.03,1
1150,1151,114,5,5,33.45,1
1151,1152,224,9,9,33.77,1
1152,1153,811,6,8,38.77,0
1153,1154,918,8,8,38.83,1
1154,1155,793,8,8,33.98,1
1155,1156,282,7,11,33.35,0
1156,1157,136,10,10,35.81,1
1157,1158,671,9,9,36.57,1
1158,1159,940,4,9,32.95,0
1159,1160,876,6,9,34.24,0
1160,1161,662,10,12,34.53,0
1161,1162,649,4,4,35.31,1
1162,1163,211,7,7,34.65,1
1163,1164,469,9,9,38.7,1
1164,1165,755,6,6,38.64,1
1165,1166,944,10,10,35.69,1
1166,1167,883,3,3,36.42,1
1167,1168,679,10,10,33.98,1
1168,1169,875,8,8,35.75,1
1169,1170,593,8,8,30,1
1170,1171,465,5,6,38.09,0
1171,1172,789,4,4,32.65,1
1172,1173,342,7,12,35.61,0
1173,1174,389,4,4,38.87,1
1174,1175,312,6,6,30.21,1
1175,1176,960,7,7,30.22,1
1176,1177,177,3,3,39.6,1
1177,1178,432,6,6,34.22,1
1178,1179,800,7,9,32.11,0
1179,1180,547,5,5,34.82,1
1180,1181,207,7,7,38.84,1
1181,1182,399,3,3,30.14,1
1182,1183,964,7,7,35.71,1
1183,1184,429,10,10,34.86,1
1184,1185,170,7,7,31.58,1
1185,1186,226,3,3,35.28,1
1186,1187,919,8,8,34.36,1
1187,1188,524,7,7,37.56,1
1188,1189,587,7,7,38.48,1
1189,1190,169,3,3,32.6,1
1190,1191,924,7,7,34.05,1
1191,1192,739,5,5,38.41,1
1192,1193,434,8,8,32.24,1
1193,1194,343,4,4,33.74,1
1194,1195,565,10,10,32.85,1
1195,1196,953,7,7,39.56,1
1196,1197,650,8,8,34.07,1
1197,1198,408,10,10,35.65,1
1198,1199,891,8,8,39.85,1
1199,1200,553,10,10,38.93,1
1200,1201,962,4,4,33.87,1
1201,1202,290,9,9,30.46,1
1202,1203,411,7,8,31.48,0
1203,1204,744,7,7,30.29,1
1204,1205,740,7,7,38.15,1
1205,1206,699,5,5,35.8,1
1206,1207,128,7,7,33.59,1
1207,1208,163,9,9,33.58,1
1208,1209,105,7,8,31.27,0
1209,1210,558,9,9,35.58,1
1210,1211,109,8,9,39.69,0
1211,1212,710,4,6,35.41,0
1212,1213,329,10,10,32.9,1
1213,1214,413,10,10,36.73,1
1214,1215,164,5,6,30.12,0
1215,1216,196,4,4,34.38,1
1216,1217,734,3,3,38.57,1
1217,1218,512,9,9,31.13,1
1218,1219,292,3,5,38.91,0
1219,1220,879,4,6,37.42,0
1220,1221,836,6,6,39.11,1
1221,1222,664,6,10,30.59,0
1222,1223,312,3,3,34.57,1
1223,1224,405,6,6,37.83,1
1224,1225,645,9,10,32.28,0
1225,1226,908,5,10,37.51,0
1226,1227,616,5,8,34.95,0
1227,1228,308,6,8,32.13,0
1228,1229,533,8,10,30.91,0
1229,1230,704,4,9,31.84,0
1230,1231,872,7,7,31.02,1
1231,1232,815,4,4,36.78,1
1232,1233,311,8,8,35.32,1
1233,1234,694,5,5,31.32,1
1234,1235,176,5,5,39.26,1
1235,1236,628,10,14,32.93,0
1236,1237,863,4,4,39.89,1
1237,1238,741,9,9,31.26,1
1238,1239,167,3,3,32.93,1
1239,1240,164,8,8,35.75,1
1240,1241,547,9,10,30.99,0
1241,1242,191,5,5,33.9,1
1242,1243,694,9,9,35.77,1
1243,1244,314,10,10,35.51,1
1244,1245,641,3,3,31.21,1
1245,1246,140,8,12,39.31,0
1246,1247,595,3,6,32.24,0
1247,1248,947,5,5,39.91,1
1248,1249,337,6,6,39.18,1
1249,1250,367,7,7,34.36,1
1250,1251,965,9,9,37.18,1
1251,1252,695,10,10,32.07,1
1252,1253,460,10,11,33.98,0
1253,1254,918,5,5,31.52,1
1254,1255,903,7,7,37.7,1
1255,1256,749,4,4,34.79,1
1256,1257,442,6,6,35.09,1
1257,1258,493,8,8,35.28,1
1258,1259,695,4,4,32.21,1
1259,1260,548,8,8,32.11,1
1260,1261,137,5,5,31.22,1
1261,1262,535,7,7,34.67,1
1262,1263,212,5,9,34.36,0
1263,1264,442,4,4,32.8,1
1264,1265,496,3,3,33.02,1
1265,1266,432,9,9,36.02,1
1266,1267,846,4,4,31.11,1
1267,1268,351,10,11,39.45,0
1268,1269,572,10,11,31.87,0
1269,1270,740,5,5,33.47,1
1270,1271,935,7,7,32.7,1
1271,1272,436,4,4,38.63,1
1272,1273,305,9,9,34.13,1
1273,1274,981,8,8,32.95,1
1274,1275,787,9,9,32.89,1
1275,1276,674,10,10,39.86,1
1276,1277,885,7,7,35.89,1
1277,1278,748,9,9,37.43,1
1278,1279,651,6,6,35.87,1
1279,1280,207,10,12,32.67,0
1280,1281,744,3,3,31.81,1
1281,1282,906,3,3,39.22,1
1282,1283,575,10,10,35.85,1
1283,1284,544,8,13,30.94,0
1284,1285,833,5,10,36.32,0
1285,1286,114,4,4,31.29,1
1286,1287,542,3,3,31.76,1
1287,1288,734,4,4,34.02,1
1288,1289,658,7,7,39.79,1
1289,1290,919,4,4,38.61,1
1290,1291,474,10,10,37.26,1
1291,1292,611,7,7,35.89,1
1292,1293,327,8,11,39.04,0
1293,1294,600,9,9,33.36,1
1294,1295,626,3,3,34.97,1
1295,1296,162,3,3,36.77,1
1296,1297,537,4,4,32.8,1
1297,1298,227,6,6,39.66,1
1298,1299,432,10,10,35.06,1
1299,1300,394,8,8,37.55,1
1300,1301,898,3,3,30.87,1
1301,1302,640,5,5,37.27,1
1302,1303,445,4,4,30.9,1
1303,1304,490,4,4,39.43,1
1304,1305,664,10,10,37.7,1
1305,1306,784,6,10,34.39,0
1306,1307,188,3,3,30.33,1
1307,1308,626,5,7,34.86,0
1308,1309,211,10,10,37.29,1
1309,1310,395,4,4,35.69,1
1310,1311,560,8,8,35.31,1
1311,1312,977,6,6,37.06,1
1312,1313,828,9,10,30.99,0
1313,1314,204,6,6,36.29,1
1314,1315,655,4,4,39.34,1
1315,1316,907,3,3,35.7,1
1316,1317,592,9,9,31.85,1
1317,1318,239,3,3,31.02,1
1318,1319,606,6,6,33.4,1
1319,1320,633,6,6,35.94,1
1320,1321,459,6,6,31.85,1
1321,1322,796,6,6,35.41,1
1322,1323,330,6,6,33.13,1
1323,1324,278,9,9,35.58,1
1324,1325,773,8,10,30.36,0
1325,1326,378,9,9,30.51,1
1326,1327,690,6,6,37.72,1
1327,1328,747,9,9,34.3,1
1328,1329,149,8,8,30.3,1
1329,1330,944,4,4,38.09,1
1330,1331,637,3,3,39.7,1
1331,1332,1001,10,10,30.38,1
1332,1333,412,3,8,37.84,0
1333,1334,160,6,6,37.59,1
1334,1335,412,4,4,32.81,1
1335,1336,683,4,4,33.13,1
1336,1337,545,5,5,36.24,1
1337,1338,262,3,3,39.77,1
1338,1339,347,8,13,32.55,0
1339,1340,520,9,12,33.91,0
1340,1341,331,10,15,30.91,0
1341,1342,130,5,5,35.11,1
1342,1343,988,5,7,37.17,0
1343,1344,213,9,9,34.57,1
1344,1345,959,10,10,39.15,1
1345,1346,270,10,10,31.57,1
1346,1347,213,6,11,30.68,0
1347,1348,857,6,6,34.96,1
1348,1349,402,5,5,35.94,1
1349,1350,447,9,9,33.32,1
1350,1351,578,3,3,33.11,1
1351,1352,985,5,5,32.52,1
1352,1353,427,10,10,32.73,1
1353,1354,557,4,4,32.56,1
1354,1355,179,4,5,38.82,0
1355,1356,321,9,9,33.49,1
1356,1357,120,4,4,32.04,1
1357,1358,318,6,7,32.99,0
1358,1359,328,5,8,34.97,0
1359,1360,605,6,6,37.91,1
1360,1361,219,4,4,30.65,1
1361,1362,691,8,8,33.94,1
1362,1363,288,7,7,39.4,1
1363,1364,186,6,6,30.07,1
1364,1365,757,9,9,35.63,1
1365,1366,873,9,9,36.99,1
1366,1367,173,6,6,31.71,1
1367,1368,112,3,3,30.77,1
1368,1369,247,7,7,34.88,1
1369,1370,479,8,8,30.85,1
1370,1371,267,3,3,35.92,1
1371,1372,1000,4,4,34.82,1
1372,1373,366,4,4,34.05,1
1373,1374,583,3,3,33.85,1
1374,1375,955,10,10,37.7,1
1375,1376,968,4,4,37.06,1
1376,1377,388,5,5,39.62,1
1377,1378,714,8,8,36.72,1
1378,1379,915,8,8,38.26,1
1379,1380,387,3,3,33.52,1
1380,1381,397,7,7,33.58,1
1381,1382,639,10,10,39.36,1
1382,1383,717,7,7,35.24,1
1383,1384,583,4,4,33.93,1
1384,1385,245,4,4,33.38,1
1385,1386,428,6,6,33.19,1
1386,1387,284,3,8,35.77,0
1387,1388,570,4,9,33.07,0
1388,1389,537,10,10,32.89,1
1389,1390,570,4,4,35.36,1
1390,1391,348,10,10,31.88,1
1391,1392,561,3,3,37.85,1
1392,1393,411,7,7,36.9,1
1393,1394,380,6,10,37.59,0
1394,1395,579,7,7,36.74,1
1395,1396,492,8,8,39.61,1
1396,1397,166,4,8,37.85,0
1397,1398,265,9,9,33.92,1
1398,1399,547,3,8,39.4,0
1399,1400,275,5,5,36.8,1
1400,1401,685,9,9,36.17,1
1401,1402,319,6,6,35.49,1
1402,1403,534,7,7,35.33,1
1403,1404,554,5,5,32.47,1
1404,1405,353,6,6,30.86,1
1405,1406,393,6,6,39.32,1
1406,1407,651,10,10,36.08,1
1407,1408,777,7,7,33.13,1
1408,1409,240,3,7,39.41,0
1409,1410,680,4,4,38.55,1
1410,1411,513,9,9,33.11,1
1411,1412,516,10,10,39.32,1
1412,1413,739,4,4,31.66,1
1413,1414,184,4,4,30.51,1
1414,1415,462,5,7,39.65,0
1415,1416,118,3,3,36.41,1
1416,1417,967,10,10,36.45,1
1417,1418,466,7,7,32.01,1
1418,1419,190,8,8,35.21,1
1419,1420,264,9,9,34.07,1
1420,1421,358,5,5,35.22,1
1421,1422,744,4,4,33.42,1
1422,1423,822,9,9,30.71,1
1423,1424,658,3,3,38.44,1
1424,1425,273,10,13,33.19,0
1425,1426,1001,6,6,37.77,1
1426,1427,163,9,13,34.57,0
1427,1428,284,9,9,32.01,1
1428,1429,178,9,13,37.48,0
1429,1430,442,7,12,34.93,0
1430,1431,596,8,8,38.73,1
1431,1432,598,10,10,30.08,1
1432,1433,178,9,14,31.8,0
1433,1434,283,6,6,35.88,1
1434,1435,949,7,7,34.12,1
1435,1436,887,10,10,35.83,1
1436,1437,729,4,4,30.73,1
1437,1438,587,10,10,37.48,1
1438,1439,907,9,9,30.71,1
1439,1440,434,7,7,38.12,1
1440,1441,138,9,9,37.18,1
1441,1442,231,10,10,30.72,1
1442,1443,815,4,4,33.22,1
1443,1444,281,4,4,34.78,1
1444,1445,984,10,11,38.76,0
1445,1446,932,5,5,30.9,1
1446,1447,452,7,12,35.87,0
1447,1448,105,5,5,39.08,1
1448,1449,200,4,4,30.16,1
1449,1450,361,3,6,34.92,0
1450,1451,679,6,7,36.31,0
1451,1452,717,4,4,35.5,1
1452,1453,204,4,9,33.02,0
1453,1454,611,10,10,37.37,1
1454,1455,698,10,10,31.43,1
1455,1456,513,5,5,37.73,1
1456,1457,502,5,5,33.28,1
1457,1458,545,10,10,34.83,1
1458,1459,706,3,3,33.91,1
1459,1460,858,5,6,39.24,0
1460,1461,262,7,9,33.56,0
1461,1462,863,5,5,39.2,1
1462,1463,215,8,12,31.28,0
1463,1464,799,6,8,31.48,0
1464,1465,302,4,4,39.25,1
1465,1466,122,5,5,34.58,1
1466,1467,214,8,8,38.99,1
1467,1468,168,10,10,32.02,1
1468,1469,491,6,6,30.44,1
1469,1470,206,6,6,38.63,1
1470,1471,486,10,10,38.98,1
1471,1472,308,3,3,35.8,1
1472,1473,321,8,8,30.71,1
1473,1474,352,6,6,37.79,1
1474,1475,819,8,8,35.04,1
1475,1476,344,5,5,37.15,1
1476,1477,942,7,9,39.21,0
1477,1478,495,10,10,33.49,1
1478,1479,950,7,7,36.43,1
1479,1480,775,8,8,33.8,1
1480,1481,926,3,4,37.97,0
1481,1482,670,8,11,32.73,0
1482,1483,839,8,8,36.1,1
1483,1484,272,8,9,34.7,0
1484,1485,340,4,4,33.09,1
1485,1486,646,4,7,39.34,0
1486,1487,611,3,3,35.15,1
1487,1488,877,3,3,36,1
1488,1489,732,5,5,36.46,1
1489,1490,196,3,3,33.15,1
1490,1491,506,6,6,38.78,1
1491,1492,693,6,6,34.28,1
1492,1493,863,10,10,34.29,1
1493,1494,723,4,6,34.55,0
1494,1495,462,9,9,37.1,1
1495,1496,619,9,9,36.99,1
1496,1497,283,6,6,34.2,1
1497,1498,514,4,4,38.64,1
1498,1499,553,9,9,37.8,1
1499,1500,746,4,4,38.63,1
1500,1501,974,9,9,36.84,1
1501,1502,355,8,8,37.02,1
1502,1503,105,9,9,36.39,1
1503,1504,524,3,3,32.88,1
1504,1505,415,7,8,37.97,0
1505,1506,788,5,5,36.13,1
1506,1507,241,6,6,39.49,1
1507,1508,582,7,7,30.34,1
1508,1509,477,3,3,38.14,1
1509,1510,221,5,5,32.82,1
1510,1511,117,10,12,38.34,0
1511,1512,202,8,10,34.45,0
1512,1513,731,7,7,31.95,1
1513,1514,645,7,7,34.37,1
1514,1515,126,3,3,32.73,1
1515,1516,733,8,8,32.62,1
1516,1517,503,4,4,33.92,1
1517,1518,934,4,4,30.58,1
1518,1519,113,8,8,36.94,1
1519,1520,144,5,5,37.05,1
1520,1521,497,9,10,37.34,0
1521,1522,694,10,10,39.45,1
1522,1523,650,7,8,33.61,0
1523,1524,853,7,7,32.21,1
1524,1525,275,9,9,36.21,1
1525,1526,729,8,8,37.07,1
1526,1527,595,8,13,35.89,0
1527,1528,458,10,12,36.85,0
1528,1529,456,5,5,36.59,1
1529,1530,984,7,7,39.56,1
1530,1531,366,3,3,36.41,1
1531,1532,264,4,5,31.12,0
1532,1533,761,3,3,36.82,1
1533,1534,467,3,7,30.66,0
1534,1535,932,4,4,39.31,1
1535,1536,521,3,4,38.58,0
1536,1537,207,3,3,39.17,1
1537,1538,409,7,7,33.62,1
1538,1539,219,9,10,34.43,0
1539,1540,898,4,4,34.56,1
1540,1541,106,6,6,30.37,1
1541,1542,868,9,9,38.51,1
1542,1543,133,10,10,36.29,1
1543,1544,736,3,3,36.42,1
1544,1545,260,6,6,35.48,1
1545,1546,100,3,3,36.46,1
1546,1547,611,9,9,30.87,1
1547,1548,281,6,6,31.37,1
1548,1549,393,9,9,37.61,1
1549,1550,815,3,3,33.3,1
1550,1551,944,3,3,33.82,1
1551,1552,841,7,7,35.57,1
1552,1553,678,9,9,36.31,1
1553,1554,826,7,7,37.48,1
1554,1555,850,7,10,35.53,0
1555,1556,467,9,9,35.76,1
1556,1557,987,8,8,37.3,1
1557,1558,804,9,9,33.95,1
1558,1559,727,8,8,31.76,1
1559,1560,369,3,3,37.65,1
1560,1561,497,3,7,38.4,0
1561,1562,543,8,8,30,1
1562,1563,722,10,10,32.56,1
1563,1564,793,4,4,30.76,1
1564,1565,230,6,6,30.15,1
1565,1566,689,3,3,30.22,1
1566,1567,638,9,9,31.22,1
1567,1568,277,3,3,30.24,1
1568,1569,367,9,9,37.46,1
1569,1570,639,4,4,35.67,1
1570,1571,698,3,3,34.07,1
1571,1572,326,7,9,36.92,0
1572,1573,841,4,4,37.83,1
1573,1574,547,10,15,34.81,0
1574,1575,498,10,15,33.02,0
1575,1576,847,10,15,36.9,0
1576,1577,385,9,9,36.3,1
1577,1578,232,8,9,31.06,0
1578,1579,332,9,12,31.26,0
1579,1580,639,3,3,36.03,1
1580,1581,224,7,12,36.3,0
1581,1582,715,8,8,39.66,1
1582,1583,971,3,6,32.49,0
1583,1584,130,6,9,35.05,0
1584,1585,414,7,7,36.08,1
1585,1586,235,4,4,33.1,1
1586,1587,736,5,7,32.25,0
1587,1588,476,5,5,38.58,1
1588,1589,149,9,14,32.13,0
1589,1590,672,9,9,34.03,1
1590,1591,698,10,14,33.8,0
1591,1592,562,5,5,36.12,1
1592,1593,614,9,9,32.63,1
1593,1594,275,8,8,36.07,1
1594,1595,188,3,8,30.61,0
1595,1596,146,7,7,31.16,1
1596,1597,916,8,8,35.83,1
1597,1598,968,4,4,31.34,1
1598,1599,212,9,9,39.47,1
1599,1600,320,4,4,31.3,1
1600,1601,599,3,3,35.31,1
1601,1602,882,10,10,38.74,1
1602,1603,414,7,9,34.69,0
1603,1604,112,3,3,30.33,1
1604,1605,396,6,6,33.42,1
1605,1606,281,9,9,38.78,1
1606,1607,372,9,9,31.92,1
1607,1608,331,7,7,33.98,1
1608,1609,414,10,10,39.3,1
1609,1610,130,10,10,34.79,1
1610,1611,567,7,7,32.86,1
1611,1612,739,7,7,32.4,1
1612,1613,708,8,8,37.63,1
1613,1614,657,5,5,32.55,1
1614,1615,494,8,10,31.78,0
1615,1616,523,7,7,34.46,1
1616,1617,156,9,9,37.91,1
1617,1618,439,10,10,36.64,1
1618,1619,713,3,3,30.22,1
1619,1620,968,10,10,35.66,1
1620,1621,600,4,7,39.84,0
1621,1622,436,3,3,30.72,1
1622,1623,823,5,5,30.24,1
1623,1624,596,9,9,30.57,1
1624,1625,462,5,5,33.78,1
1625,1626,656,3,5,39.71,0
1626,1627,884,7,7,38.78,1
1627,1628,592,7,7,36.12,1
1628,1629,984,9,9,37.47,1
1629,1630,508,3,3,31.52,1
1630,1631,273,6,6,35.84,1
1631,1632,533,6,6,37.13,1
1632,1633,228,5,5,39.63,1
1633,1634,451,8,8,39.51,1
1634,1635,447,8,8,38.46,1
1635,1636,645,5,5,37.68,1
1636,1637,339,9,9,34.32,1
1637,1638,545,4,8,31.17,0
1638,1639,756,9,11,32.32,0
1639,1640,706,6,6,30.72,1
1640,1641,344,8,10,39.02,0
1641,1642,198,3,5,37.65,0
1642,1643,224,9,9,31.95,1
1643,1644,266,8,8,34.31,1
1644,1645,503,3,3,37.62,1
1645,1646,543,4,4,38.78,1
1646,1647,491,8,8,38.59,1
1647,1648,769,4,4,32.12,1
1648,1649,844,10,10,38.65,1
1649,1650,280,9,9,34.88,1
1650,1651,696,3,6,31.98,0
1651,1652,533,7,12,37.76,0
1652,1653,939,6,6,38.53,1
1653,1654,860,3,3,39.44,1
1654,1655,277,10,10,37.77,1
1655,1656,285,7,7,38.63,1
1656,1657,333,7,7,34.33,1
1657,1658,748,6,9,38.7,0
1658,1659,576,9,9,37.49,1
1659,1660,730,8,8,32.37,1
1660,1661,853,8,8,39.74,1
1661,1662,736,10,10,38.48,1
1662,1663,463,8,8,37.77,1
1663,1664,957,8,11,30.13,0
1664,1665,865,5,5,34.67,1
1665,1666,114,4,7,31.55,0
1666,1667,158,9,9,33.42,1
1667,1668,689,5,5,37.77,1
1668,1669,330,10,10,32.22,1
1669,1670,576,8,8,34.32,1
1670,1671,282,10,10,35.29,1
1671,1672,554,4,4,37.17,1
1672,1673,967,10,14,30.79,0
1673,1674,132,3,3,35.75,1
1674,1675,439,4,8,36.96,0
1675,1676,579,7,7,30.82,1
1676,1677,1001,9,14,37.18,0
1677,1678,553,3,3,34.92,1
1678,1679,182,3,3,38.21,1
1679,1680,432,5,6,30.64,0
1680,1681,360,9,10,36.06,0
1681,1682,915,4,4,32.87,1
1682,1683,781,4,4,39.26,1
1683,1684,290,8,9,33.98,0
1684,1685,972,7,7,35.12,1
1685,1686,892,9,9,30.89,1
1686,1687,163,8,11,36.85,0
1687,1688,274,3,3,38.17,1
1688,1689,563,8,8,37.37,1
1689,1690,688,3,3,37.65,1
1690,1691,733,8,12,31.74,0
1691,1692,386,10,10,31.89,1
1692,1693,974,4,8,30.56,0
1693,1694,312,7,7,37.46,1
1694,1695,532,9,9,30.56,1
1695,1696,852,3,3,37.24,1
1696,1697,563,7,7,35.35,1
1697,1698,765,4,4,33,1
1698,1699,610,6,6,32.33,1
1699,1700,265,4,6,31.99,0
1700,1701,846,8,8,37.3,1
1701,1702,715,10,10,38.62,1
1702,1703,191,9,9,38.57,1
1703,1704,152,4,4,35.96,1
1704,1705,603,4,4,32.24,1
1705,1706,427,4,4,36.2,1
1706,1707,251,7,7,30.36,1
1707,1708,307,7,7,35.24,1
1708,1709,615,9,9,39.97,1
1709,1710,321,5,5,33.81,1
1710,1711,480,3,3,30.66,1
1711,1712,832,4,4,39.93,1
1712,1713,292,3,3,35.45,1
1713,1714,761,3,3,34.09,1
1714,1715,711,10,11,33.05,0
1715,1716,937,5,5,39.99,1
1716,1717,640,7,7,34.64,1
1717,1718,702,5,5,30.04,1
1718,1719,242,5,5,37.33,1
1719,1720,235,8,8,35.04,1
1720,1721,615,4,4,30.74,1
1721,1722,275,3,3,32,1
1722,1723,163,6,6,36.63,1
1723,1724,983,4,4,37.67,1
1724,1725,612,9,9,32.24,1
1725,1726,778,10,10,34.03,1
1726,1727,701,4,4,31.71,1
1727,1728,226,5,5,33.44,1
1728,1729,120,3,3,33.9,1
1729,1730,584,7,7,38.54,1
1730,1731,808,6,6,34.04,1
1731,1732,229,5,5,37.78,1
1732,1733,279,10,10,34.16,1
1733,1734,606,8,11,38.63,0
1734,1735,457,4,4,39.97,1
1735,1736,385,4,5,36.33,0
1736,1737,609,8,8,37.47,1
1737,1738,701,8,8,32.11,1
1738,1739,902,5,5,30.59,1
1739,1740,109,4,4,30.47,1
1740,1741,902,6,8,35.18,0
1741,1742,436,9,9,31.73,1
1742,1743,755,10,10,35.86,1
1743,1744,626,4,4,32.59,1
1744,1745,474,6,6,36.52,1
1745,1746,400,8,8,30.34,1
1746,1747,252,9,9,31.47,1
1747,1748,607,5,5,36.8,1
1748,1749,985,4,4,31.67,1
1749,1750,257,10,10,31.7,1
1750,1751,892,4,4,32.48,1
1751,1752,441,4,4,35.98,1
1752,1753,582,3,3,37.08,1
1753,1754,772,7,7,39.35,1
1754,1755,381,5,5,31.45,1
1755,1756,423,9,9,33.1,1
1756,1757,634,9,9,30.52,1
1757,1758,307,10,10,39.36,1
1758,1759,336,9,9,38.02,1
1759,1760,888,4,5,39.7,0
1760,1761,825,7,7,36.85,1
1761,1762,581,8,8,33.85,1
1762,1763,786,4,4,33.45,1
1763,1764,1000,10,10,34.72,1
1764,1765,358,8,8,37.45,1
1765,1766,956,4,4,33.27,1
1766,1767,208,8,8,37.3,1
1767,1768,328,5,5,30.58,1
1768,1769,579,8,8,33.46,1
1769,1770,566,8,8,37.23,1
1770,1771,347,10,10,34.58,1
1771,1772,575,5,5,35.4,1
1772,1773,774,7,8,38,0
1773,1774,431,4,4,39.15,1
1774,1775,838,3,3,32.16,1
1775,1776,555,7,7,30.34,1
1776,1777,858,7,7,38.63,1
1777,1778,627,7,7,33.61,1
1778,1779,746,9,9,34.56,1
1779,1780,908,5,5,30.94,1
1780,1781,617,4,8,36.02,0
1781,1782,185,9,9,37.57,1
1782,1783,830,6,6,34.57,1
1783,1784,326,4,4,32.56,1
1784,1785,583,4,4,36.88,1
1785,1786,219,10,10,32.88,1
1786,1787,901,10,10,34.33,1
1787,1788,420,6,8,33.55,0
1788,1789,949,9,10,37.76,0
1789,1790,340,5,5,31.15,1
1790,1791,523,10,10,33.68,1
1791,1792,385,6,6,36.08,1
1792,1793,535,3,3,37.31,1
1793,1794,920,8,8,33.18,1
1794,1795,704,10,10,39.86,1
1795,1796,273,6,6,36.52,1
1796,1797,772,6,6,38.58,1
1797,1798,950,10,15,33.25,0
1798,1799,956,7,7,38.04,1
1799,1800,813,3,3,35.14,1
1800,1801,822,6,6,37.45,1
1801,1802,897,6,6,32.1,1
1802,1803,270,9,9,39.94,1
1803,1804,153,4,4,36.37,1
1804,1805,687,3,3,36.2,1
1805,1806,224,10,10,33.37,1
1806,1807,980,9,9,34.94,1
1807,1808,884,4,4,39.46,1
1808,1809,891,4,4,31.78,1
1809,1810,327,5,5,38.45,1
1810,1811,169,3,3,34.99,1
1811,1812,135,10,10,30.69,1
1812,1813,633,9,14,35.91,0
1813,1814,601,9,12,31.92,0
1814,1815,408,7,7,33.01,1
1815,1816,326,8,12,37.62,0
1816,1817,460,10,11,31.48,0
1817,1818,413,6,6,38.21,1
1818,1819,183,3,5,35.18,0
1819,1820,748,10,10,39.99,1
1820,1821,405,9,9,36.18,1
1821,1822,900,4,4,36.38,1
1822,1823,656,3,3,31.64,1
1823,1824,922,7,10,30.98,0
1824,1825,150,8,8,30.13,1
1825,1826,524,6,6,33.66,1
1826,1827,341,9,9,33.72,1
1827,1828,425,5,5,37.71,1
1828,1829,906,9,9,37.64,1
1829,1830,675,7,8,38.42,0
1830,1831,148,9,9,31.11,1
1831,1832,210,8,8,38.25,1
1832,1833,415,6,6,37.3,1
1833,1834,969,4,4,32.03,1
1834,1835,144,4,4,37.38,1
1835,1836,278,3,3,34.46,1
1836,1837,713,7,7,38.98,1
1837,1838,234,6,11,34.34,0
1838,1839,380,7,8,39.97,0
1839,1840,758,6,11,35.15,0
1840,1841,581,10,13,35.99,0
1841,1842,337,4,4,37.22,1
1842,1843,640,9,14,31.48,0
1843,1844,780,5,5,30.82,1
1844,1845,991,9,9,38.45,1
1845,1846,145,6,6,35.79,1
1846,1847,871,4,8,30.74,0
1847,1848,704,3,3,36.33,1
1848,1849,196,10,12,37.12,0
1849,1850,653,6,6,30.85,1
1850,1851,666,3,3,31.47,1
1851,1852,575,8,8,33.28,1
1852,1853,127,7,10,33.59,0
1853,1854,389,10,10,37.33,1
1854,1855,989,3,3,36.81,1
1855,1856,581,9,13,35.75,0
1856,1857,593,7,10,38.17,0
1857,1858,739,8,12,32.01,0
1858,1859,327,10,10,35.73,1
1859,1860,934,9,9,35.96,1
1860,1861,137,10,13,36.71,0
1861,1862,932,10,10,37.31,1
1862,1863,608,9,9,31.17,1
1863,1864,795,7,7,32.06,1
1864,1865,999,4,4,30.86,1
1865,1866,381,4,4,37.51,1
1866,1867,214,8,8,37.83,1
1867,1868,712,8,8,39.57,1
1868,1869,570,8,8,34,1
1869,1870,303,10,10,38.35,1
1870,1871,265,3,3,39.22,1
1871,1872,417,9,9,33.55,1
1872,1873,898,6,6,39.09,1
1873,1874,217,8,10,35.68,0
1874,1875,533,10,10,36.76,1
1875,1876,794,9,9,38.96,1
1876,1877,322,9,9,38.27,1
1877,1878,671,3,8,32.29,0
1878,1879,139,6,7,34.58,0
1879,1880,1001,3,3,36.93,1
1880,1881,291,8,8,35.49,1
1881,1882,726,9,11,36.33,0
1882,1883,681,4,4,38.91,1
1883,1884,600,4,6,36.16,0
1884,1885,799,8,8,38.05,1
1885,1886,265,10,10,37.15,1
1886,1887,900,7,7,39.94,1
1887,1888,437,3,3,33.9,1
1888,1889,281,4,4,34.22,1
1889,1890,700,9,9,39.15,1
1890,1891,222,8,8,36.33,1
1891,1892,831,5,5,31.38,1
1892,1893,700,7,7,31.41,1
1893,1894,709,7,8,35.86,0
1894,1895,627,8,8,33.9,1
1895,1896,948,6,6,31.45,1
1896,1897,219,6,6,37.32,1
1897,1898,902,6,6,38.78,1
1898,1899,363,8,8,36.75,1
1899,1900,416,7,7,35.98,1
1900,1901,437,10,12,32.57,0
1901,1902,583,8,8,34.34,1
1902,1903,577,9,11,37.02,0
1903,1904,180,3,3,34.58,1
1904,1905,118,7,7,30.46,1
1905,1906,349,3,3,36.12,1
1906,1907,378,8,8,38.01,1
1907,1908,969,5,5,35.11,1
1908,1909,547,6,6,37.96,1
1909,1910,888,3,4,32.66,0
1910,1911,960,9,9,31.8,1
1911,1912,204,5,8,36.66,0
1912,1913,502,8,8,38.88,1
1913,1914,778,10,10,30.34,1
1914,1915,614,6,6,31.79,1
1915,1916,618,5,5,38.14,1
1916,1917,318,7,7,35.29,1
1917,1918,419,10,13,33.55,0
1918,1919,976,7,7,32.55,1
1919,1920,850,9,9,36.88,1
1920,1921,442,10,11,34.93,0
1921,1922,593,8,8,31.4,1
1922,1923,361,8,8,39.99,1
1923,1924,617,3,5,39.14,0
1924,1925,738,4,4,32.74,1
1925,1926,543,9,9,38.38,1
1926,1927,725,7,12,30.07,0
1927,1928,645,6,6,37.77,1
1928,1929,776,4,4,37.68,1
1929,1930,243,4,4,31.84,1
1930,1931,530,6,6,36.73,1
1931,1932,338,7,11,35.72,0
1932,1933,455,9,9,36.17,1
1933,1934,124,4,7,34.69,0
1934,1935,885,9,9,30.28,1
1935,1936,861,4,7,31.39,0
1936,1937,586,3,3,37.81,1
1937,1938,381,5,5,35.8,1
1938,1939,321,10,10,37.05,1
1939,1940,856,9,9,31.51,1
1940,1941,146,3,3,35.79,1
1941,1942,550,7,7,37.44,1
1942,1943,541,8,12,36.93,0
1943,1944,731,3,3,33.73,1
1944,1945,528,5,5,30.8,1
1945,1946,929,7,11,34.41,0
1946,1947,944,9,9,38.98,1
1947,1948,462,3,3,35.36,1
1948,1949,478,3,3,39.17,1
1949,1950,764,10,10,34.73,1
1950,1951,145,5,5,34.11,1
1951,1952,125,7,11,36.07,0
1952,1953,142,6,6,32.45,1
1953,1954,427,3,3,32.55,1
1954,1955,555,4,4,34.6,1
1955,1956,194,8,8,37.56,1
1956,1957,941,9,12,35.59,0
1957,1958,881,4,4,31.97,1
1958,1959,706,5,5,36.16,1
1959,1960,934,5,5,33.73,1
1960,1961,590,6,6,37.1,1
1961,1962,615,5,5,38.28,1
1962,1963,887,3,3,37.22,1
1963,1964,675,4,4,33.1,1
1964,1965,583,4,4,38.78,1
1965,1966,335,6,6,35.41,1
1966,1967,723,3,3,30.37,1
1967,1968,114,8,8,32.32,1
1968,1969,944,8,8,37.27,1
1969,1970,920,9,9,36.81,1
1970,1971,103,3,3,34.83,1
1971,1972,810,5,5,33.54,1
1972,1973,192,10,10,33.71,1
1973,1974,780,5,9,31.08,0
1974,1975,591,7,7,32.06,1
1975,1976,185,3,3,36.83,1
1976,1977,661,6,7,30.28,0
1977,1978,806,5,7,37.14,0
1978,1979,738,10,10,38.95,1
1979,1980,612,10,10,39.21,1
1980,1981,466,3,7,38.34,0
1981,1982,362,7,7,32.65,1
1982,1983,169,8,13,38.67,0
1983,1984,495,4,4,30.59,1
1984,1985,234,9,9,32.49,1
1985,1986,110,7,7,36.67,1
1986,1987,454,4,4,39.88,1
1987,1988,799,5,5,36.04,1
1988,1989,394,5,8,31.2,0
1989,1990,406,8,8,37.81,1
1990,1991,581,7,7,36.28,1
1991,1992,270,6,6,33.25,1
1992,1993,437,7,7,37.75,1
1993,1994,426,4,4,31.77,1
1994,1995,194,10,10,39.74,1
1995,1996,258,8,8,31.38,1
1996,1997,797,3,3,32.89,1
1997,1998,291,6,6,31.3,1
1998,1999,176,3,3,35.51,1
1999,2000,173,4,4,37.93,1
2000,2001,696,3,3,35.15,1
2001,2002,264,8,11,36.65,0
2002,2003,660,3,3,30.58,1
2003,2004,381,4,4,34.8,1
2004,2005,324,9,9,33.57,1
2005,2006,395,6,6,31.35,1
2006,2007,539,10,10,32.44,1
2007,2008,713,5,6,37.75,0
2008,2009,373,7,7,34.94,1
2009,2010,241,8,13,31.76,0
2010,2011,922,4,4,32.19,1
2011,2012,941,4,4,34.97,1
2012,2013,903,7,8,32.38,0
2013,2014,679,9,9,35.61,1
2014,2015,734,10,10,36.08,1
2015,2016,268,8,8,37.78,1
2016,2017,666,7,7,32.24,1
2017,2018,903,10,10,37.6,1
2018,2019,828,8,8,34.05,1
2019,2020,635,8,8,31.63,1
2020,2021,960,4,4,33.99,1
2021,2022,938,9,9,39.2,1
2022,2023,533,4,8,35.73,0
2023,2024,379,10,10,32,1
2024,2025,804,10,10,35.55,1
2025,2026,548,8,12,35.87,0
2026,2027,604,3,3,33.98,1
2027,2028,445,9,9,35.08,1
2028,2029,356,5,5,35.12,1
2029,2030,362,8,8,31.62,1
2030,2031,802,8,8,30.2,1
2031,2032,505,4,4,35.07,1
2032,2033,151,6,6,36.44,1
2033,2034,525,10,10,38.23,1
2034,2035,639,6,6,32.65,1
2035,2036,627,8,8,32.49,1
2036,2037,523,8,8,30.39,1
2037,2038,818,5,5,33.48,1
2038,2039,805,7,7,33.87,1
2039,2040,504,6,6,30.53,1
2040,2041,965,3,3,33.48,1
2041,2042,561,9,9,30.46,1
2042,2043,364,9,9,35.3,1
2043,2044,957,9,11,31.14,0
2044,2045,925,5,5,39.05,1
2045,2046,460,9,9,32.19,1
2046,2047,819,3,8,36.45,0
2047,2048,559,5,5,33.06,1
2048,2049,180,4,4,31.99,1
2049,2050,100,9,9,33.5,1
2050,2051,943,5,10,32.79,0
2051,2052,512,6,7,34.88,0
2052,2053,890,9,11,32.56,0
2053,2054,967,7,7,30.51,1
2054,2055,759,10,10,39.15,1
2055,2056,106,7,7,38.42,1
2056,2057,992,6,6,34.61,1
2057,2058,487,3,3,33.56,1
2058,2059,401,4,4,36.55,1
2059,2060,138,4,4,33.95,1
2060,2061,559,7,7,38.81,1
2061,2062,569,9,10,36.09,0
2062,2063,474,7,7,31.31,1
2063,2064,632,9,9,31.86,1
2064,2065,931,4,4,34.23,1
2065,2066,464,6,6,34.06,1
2066,2067,738,3,3,33.82,1
2067,2068,595,3,3,38.07,1
2068,2069,647,3,3,30.58,1
2069,2070,958,3,3,36.78,1
2070,2071,860,9,13,34.87,0
2071,2072,432,8,8,39.59,1
2072,2073,404,3,4,39.15,0
2073,2074,695,6,9,33.75,0
2074,2075,694,7,7,33.38,1
2075,2076,498,5,5,37.44,1
2076,2077,631,8,8,38.41,1
2077,2078,666,4,4,30.48,1
2078,2079,861,7,10,31.74,0
2079,2080,986,9,12,36.69,0
2080,2081,640,8,8,39.52,1
2081,2082,964,5,5,39.93,1
2082,2083,716,3,3,33.26,1
2083,2084,730,3,3,38.19,1
2084,2085,132,7,7,36.23,1
2085,2086,737,7,7,37.94,1
2086,2087,513,4,8,35.34,0
2087,2088,682,8,8,32.48,1
2088,2089,213,6,6,34.84,1
2089,2090,209,8,11,32.61,0
2090,2091,438,8,8,39.59,1
2091,2092,722,9,9,37.16,1
2092,2093,685,8,8,33.16,1
2093,2094,504,4,8,30.74,0
2094,2095,250,6,6,30.7,1
2095,2096,264,4,6,31.06,0
2096,2097,726,9,9,32.88,1
2097,2098,113,9,9,31.59,1
2098,2099,823,9,9,31.49,1
2099,2100,345,4,4,37.76,1
2100,2101,758,7,7,33.51,1
2101,2102,477,8,8,33.5,1
2102,2103,807,3,3,38.85,1
2103,2104,991,8,8,37.36,1
2104,2105,604,4,4,31,1
2105,2106,468,7,11,39.93,0
2106,2107,654,4,4,31.9,1
2107,2108,464,6,6,33.5,1
2108,2109,414,3,6,33.79,0
2109,2110,173,3,3,37.97,1
2110,2111,139,8,8,36.92,1
2111,2112,840,10,10,34.05,1
2112,2113,237,4,5,37.69,0
2113,2114,636,10,10,36.71,1
2114,2115,113,3,3,32.47,1
2115,2116,918,4,4,31.6,1
2116,2117,173,8,8,32.49,1
2117,2118,310,6,6,31.46,1
2118,2119,474,3,3,39.81,1
2119,2120,975,10,10,34.7,1
2120,2121,395,8,8,31.23,1
2121,2122,153,3,3,39.66,1
2122,2123,923,5,5,38.75,1
2123,2124,876,6,10,33.28,0
2124,2125,817,9,9,32.75,1
2125,2126,899,9,9,38.39,1
2126,2127,208,8,8,37.98,1
2127,2128,571,4,4,38.44,1
2128,2129,568,9,9,36.55,1
2129,2130,747,5,10,37.26,0
2130,2131,947,7,7,33.8,1
2131,2132,237,5,5,38.05,1
2132,2133,933,3,3,38.81,1
2133,2134,391,4,4,38.82,1
2134,2135,527,3,3,39.63,1
2135,2136,541,8,10,30.33,0
2136,2137,955,9,11,34.42,0
2137,2138,458,3,3,39.98,1
2138,2139,272,8,8,33.91,1
2139,2140,963,5,5,31.01,1
2140,2141,954,5,8,37.17,0
2141,2142,152,5,5,37.96,1
2142,2143,798,10,10,31.73,1
2143,2144,588,8,8,39.68,1
2144,2145,664,9,9,35.39,1
2145,2146,640,6,6,34.36,1
2146,2147,534,5,5,33.79,1
2147,2148,204,9,9,38.08,1
2148,2149,262,10,10,34.06,1
2149,2150,701,10,10,39.2,1
2150,2151,354,7,7,35.77,1
2151,2152,645,5,5,34.07,1
2152,2153,472,3,3,38.85,1
2153,2154,513,10,10,37.91,1
2154,2155,743,3,3,33.82,1
2155,2156,593,5,5,38.68,1
2156,2157,555,7,7,38.08,1
2157,2158,708,8,13,37.68,0
2158,2159,126,4,4,33.34,1
2159,2160,861,3,7,31.82,0
2160,2161,293,6,6,37.14,1
2161,2162,852,7,12,32.08,0
2162,2163,646,9,9,35.95,1
2163,2164,234,7,8,35.16,0
2164,2165,912,3,3,36.68,1
2165,2166,194,9,9,37.64,1
2166,2167,772,6,6,35.45,1
2167,2168,608,7,9,36.8,0
2168,2169,500,6,11,39.59,0
2169,2170,642,8,8,37.83,1
2170,2171,169,3,3,35.15,1
2171,2172,226,4,9,38.96,0
2172,2173,157,8,8,34.49,1
2173,2174,671,5,5,30.84,1
2174,2175,379,9,13,37.91,0
2175,2176,945,8,8,36.69,1
2176,2177,203,9,9,32.87,1
2177,2178,454,6,6,38.58,1
2178,2179,643,3,5,35.03,0
2179,2180,167,9,9,32.59,1
2180,2181,216,7,7,35.2,1
2181,2182,103,8,8,34.06,1
2182,2183,309,3,3,30.74,1
2183,2184,942,7,7,33.28,1
2184,2185,247,6,6,33.51,1
2185,2186,689,5,5,31.94,1
2186,2187,572,9,9,34.42,1
2187,2188,758,3,3,32.03,1
2188,2189,113,9,9,34.15,1
2189,2190,473,10,10,33.66,1
2190,2191,371,5,5,32.25,1
2191,2192,496,8,8,34.49,1
2192,2193,804,8,8,34.37,1
2193,2194,190,4,4,34.28,1
2194,2195,668,9,9,33.36,1
2195,2196,190,9,9,34.21,1
2196,2197,987,4,4,34,1
2197,2198,803,7,7,39.77,1
2198,2199,713,9,10,32.61,0
2199,2200,701,6,6,31.32,1
2200,2201,969,6,6,35.9,1
2201,2202,140,9,9,30.07,1
2202,2203,290,7,12,38.69,0
2203,2204,906,10,10,31.65,1
2204,2205,787,8,8,32,1
2205,2206,907,4,5,33.32,0
2206,2207,351,9,9,33.47,1
2207,2208,703,4,4,32.15,1
2208,2209,404,10,10,36.65,1
2209,2210,275,7,11,35.37,0
2210,2211,970,7,7,35.09,1
2211,2212,699,3,3,30.41,1
2212,2213,503,8,8,31.01,1
2213,2214,201,6,11,38.63,0
2214,2215,999,7,7,39.48,1
2215,2216,796,6,11,39.1,0
2216,2217,267,8,8,34.47,1
2217,2218,285,3,3,32.91,1
2218,2219,906,4,4,34.59,1
2219,2220,470,5,9,35.97,0
2220,2221,278,6,7,37.32,0
2221,2222,729,9,9,37.6,1
2222,2223,986,6,8,39.12,0
2223,2224,289,8,8,33.89,1
2224,2225,482,9,9,38.41,1
2225,2226,907,3,3,37.78,1
2226,2227,326,3,3,33.26,1
2227,2228,182,7,8,32.37,0
2228,2229,939,4,7,35.21,0
2229,2230,361,10,10,33.79,1
2230,2231,590,9,14,33.41,0
2231,2232,428,3,3,38.5,1
2232,2233,782,6,6,33.33,1
2233,2234,459,9,9,39.77,1
2234,2235,816,9,12,36.87,0
2235,2236,542,4,4,32.92,1
2236,2237,798,7,12,30.45,0
2237,2238,326,7,7,30.57,1
2238,2239,800,10,10,35.29,1
2239,2240,499,5,5,34.22,1
2240,2241,996,9,9,30.08,1
2241,2242,301,7,7,32.04,1
2242,2243,553,3,7,38.81,0
2243,2244,902,5,5,38.29,1
2244,2245,548,7,7,35.16,1
2245,2246,439,10,10,35.68,1
2246,2247,255,8,8,38.94,1
2247,2248,347,7,7,32.86,1
2248,2249,105,6,6,30.6,1
2249,2250,612,9,9,33.05,1
2250,2251,891,3,3,39.19,1
2251,2252,693,6,6,30.61,1
2252,2253,122,4,4,39.9,1
2253,2254,424,9,9,30.32,1
2254,2255,694,10,10,35.32,1
2255,2256,382,5,9,34.51,0
2256,2257,651,6,6,38.31,1
2257,2258,618,10,10,38.78,1
2258,2259,617,8,8,31.23,1
2259,2260,423,9,14,35.91,0
2260,2261,717,10,10,39.66,1
2261,2262,138,3,3,31.59,1
2262,2263,547,6,6,31.17,1
2263,2264,965,8,9,39.36,0
2264,2265,591,6,6,32.69,1
2265,2266,300,3,7,37.81,0
2266,2267,720,5,5,30.61,1
2267,2268,846,6,6,39.42,1
2268,2269,271,4,4,37.13,1
2269,2270,952,10,10,35.09,1
2270,2271,899,5,7,36.02,0
2271,2272,179,6,6,32.85,1
2272,2273,322,9,9,36.8,1
2273,2274,497,6,6,33.42,1
2274,2275,152,7,7,33.75,1
2275,2276,852,5,5,34.25,1
2276,2277,877,9,13,30.87,0
2277,2278,705,9,13,30.43,0
2278,2279,187,8,9,32.1,0
2279,2280,851,8,8,31.34,1
2280,2281,515,4,4,33.4,1
2281,2282,784,9,9,39.84,1
2282,2283,814,9,9,30.82,1
2283,2284,522,6,6,39.2,1
2284,2285,686,9,9,31.04,1
2285,2286,218,3,3,32.17,1
2286,2287,903,8,9,34.39,0
2287,2288,731,6,6,33.2,1
2288,2289,275,7,7,37.09,1
2289,2290,773,7,7,36.8,1
2290,2291,429,7,7,31.92,1
2291,2292,595,6,6,38.5,1
2292,2293,774,4,9,31.04,0
2293,2294,905,8,8,37.67,1
2294,2295,959,5,8,31.7,0
2295,2296,121,10,10,32.02,1
2296,2297,828,10,10,34.88,1
2297,2298,177,5,5,30.39,1
2298,2299,822,4,4,30.28,1
2299,2300,685,6,10,35.39,0
2300,2301,908,9,9,39.31,1
2301,2302,970,5,5,36.22,1
2302,2303,853,6,6,32.57,1
2303,2304,362,8,12,36.91,0
2304,2305,113,8,8,33.58,1
2305,2306,677,10,10,39.67,1
2306,2307,562,6,8,37.78,0
2307,2308,308,6,6,32.32,1
2308,2309,475,3,3,36.05,1
2309,2310,902,3,6,35.89,0
2310,2311,261,7,7,38.26,1
2311,2312,893,7,7,32.23,1
2312,2313,865,10,10,35.42,1
2313,2314,601,4,9,36.83,0
2314,2315,113,6,6,39.46,1
2315,2316,256,7,7,36.01,1
2316,2317,323,6,10,36.05,0
2317,2318,954,8,8,32.06,1
2318,2319,396,3,7,39.33,0
2319,2320,746,5,10,32.54,0
2320,2321,112,5,5,30.99,1
2321,2322,224,8,8,33.98,1
2322,2323,663,10,10,38.22,1
2323,2324,937,7,7,31.19,1
2324,2325,943,3,3,33.44,1
2325,2326,980,5,7,37.13,0
2326,2327,412,6,6,36.78,1
2327,2328,471,8,8,33.99,1
2328,2329,778,6,6,34,1
2329,2330,922,5,5,31.2,1
2330,2331,154,7,7,39.52,1
2331,2332,420,8,8,30.31,1
2332,2333,731,9,9,39.47,1
2333,2334,376,6,11,38.9,0
2334,2335,796,10,10,30.51,1
2335,2336,205,6,6,34.46,1
2336,2337,967,5,5,30.12,1
2337,2338,268,6,10,31.11,0
2338,2339,489,10,10,31.01,1
2339,2340,974,10,10,36.48,1
2340,2341,112,10,14,39.41,0
2341,2342,250,7,7,34.72,1
2342,2343,818,3,3,36.56,1
2343,2344,996,3,7,39.23,0
2344,2345,978,6,6,37.86,1
2345,2346,245,10,10,30.72,1
2346,2347,764,6,6,38.36,1
2347,2348,420,4,4,34.2,1
2348,2349,411,4,4,30.22,1
2349,2350,203,10,10,37.95,1
2350,2351,639,6,6,36.14,1
2351,2352,696,5,6,39.01,0
2352,2353,300,5,5,35.25,1
2353,2354,949,3,3,37.36,1
2354,2355,476,5,6,35.89,0
2355,2356,940,3,3,33.57,1
2356,2357,914,6,6,36.71,1
2357,2358,653,4,4,37.05,1
2358,2359,174,6,9,30.79,0
2359,2360,275,9,9,35.35,1
2360,2361,883,10,15,32.3,0
2361,2362,678,7,9,36.51,0
2362,2363,113,3,6,34.13,0
2363,2364,162,10,10,38.63,1
2364,2365,447,5,5,33.76,1
2365,2366,471,3,4,30.76,0
2366,2367,847,6,8,36.51,0
2367,2368,828,5,5,33.88,1
2368,2369,695,9,9,30.36,1
2369,2370,482,3,3,36.36,1
2370,2371,937,6,6,39.05,1
2371,2372,867,6,6,34.28,1
2372,2373,251,9,9,32.51,1
2373,2374,533,6,6,32.06,1
2374,2375,739,6,6,38.16,1
2375,2376,572,9,9,38.35,1
2376,2377,525,10,10,33.28,1
2377,2378,495,6,10,32.52,0
2378,2379,384,7,7,35.28,1
2379,2380,214,8,11,30.66,0
2380,2381,890,3,3,38.23,1
2381,2382,781,7,11,30.39,0
2382,2383,116,10,10,33.08,1
2383,2384,959,5,5,33.87,1
2384,2385,542,10,15,36.33,0
2385,2386,558,3,7,35.81,0
2386,2387,726,7,7,37.15,1
2387,2388,161,3,5,30.79,0
2388,2389,585,7,7,30.15,1
2389,2390,821,9,9,38.75,1
2390,2391,474,9,9,33.76,1
2391,2392,610,10,10,32.76,1
2392,2393,466,10,10,38.59,1
2393,2394,989,4,4,30.98,1
2394,2395,842,6,6,31.32,1
2395,2396,306,9,9,36.21,1
2396,2397,792,3,3,34.73,1
2397,2398,254,4,4,39.19,1
2398,2399,130,5,5,36.06,1
2399,2400,757,10,10,33.15,1
2400,2401,254,7,7,34.56,1
2401,2402,879,5,5,32.95,1
2402,2403,663,6,7,31.54,0
2403,2404,423,4,4,39.4,1
2404,2405,963,5,7,32.81,0
2405,2406,900,8,8,38.4,1
2406,2407,129,10,10,34.59,1
2407,2408,988,8,8,37.39,1
2408,2409,534,9,9,32.92,1
2409,2410,821,10,10,32.82,1
2410,2411,594,9,9,38.58,1
2411,2412,194,3,6,36.86,0
2412,2413,451,9,9,30.32,1
2413,2414,849,4,4,31.06,1
2414,2415,981,9,9,34.89,1
2415,2416,525,6,6,30.87,1
2416,2417,550,5,5,39.35,1
2417,2418,722,3,3,37.16,1
2418,2419,396,9,9,38.29,1
2419,2420,875,3,3,39.33,1
2420,2421,558,10,10,34.98,1
2421,2422,374,6,10,32.46,0
2422,2423,972,6,6,31.26,1
2423,2424,110,6,8,35.13,0
2424,2425,516,6,6,39.4,1
2425,2426,717,9,9,31.87,1
2426,2427,860,6,6,37.33,1
2427,2428,641,6,6,37.99,1
2428,2429,905,9,9,31.17,1
2429,2430,203,5,5,33.44,1
2430,2431,920,6,6,38.67,1
2431,2432,630,7,7,36.11,1
2432,2433,716,4,4,34.53,1
2433,2434,610,9,9,39.99,1
2434,2435,165,6,6,39.6,1
2435,2436,480,4,5,37.1,0
2436,2437,863,3,3,38.64,1
2437,2438,603,10,10,39.87,1
2438,2439,133,7,12,31.5,0
2439,2440,902,4,4,36.53,1
2440,2441,257,4,4,35.59,1
2441,2442,170,6,6,34.53,1
2442,2443,413,10,10,37.93,1
2443,2444,516,6,6,34.92,1
2444,2445,711,5,10,34.45,0
2445,2446,118,10,10,35.39,1
2446,2447,256,3,5,39.97,0
2447,2448,999,5,5,38.44,1
2448,2449,999,5,6,36.63,0
2449,2450,282,4,5,33.86,0
2450,2451,296,3,3,37.99,1
2451,2452,914,7,7,36.74,1
2452,2453,556,10,10,32.44,1
2453,2454,101,3,3,30.18,1
2454,2455,523,9,9,32.82,1
2455,2456,837,6,6,39.62,1
2456,2457,449,6,6,30.39,1
2457,2458,602,5,5,39.93,1
2458,2459,907,10,10,32.19,1
2459,2460,808,6,6,39.56,1
2460,2461,915,4,4,35.35,1
2461,2462,203,5,5,39.62,1
2462,2463,896,5,6,30.08,0
2463,2464,700,5,10,32.81,0
2464,2465,792,7,7,38.22,1
2465,2466,656,10,10,32.88,1
2466,2467,703,4,4,38.38,1
2467,2468,779,10,10,32.53,1
2468,2469,536,8,8,35.92,1
2469,2470,835,8,8,38.48,1
2470,2471,420,4,8,30.1,0
2471,2472,186,9,9,38.48,1
2472,2473,764,5,9,32.02,0
2473,2474,769,4,5,32.47,0
2474,2475,951,9,9,32.2,1
2475,2476,469,10,10,39.73,1
2476,2477,119,7,7,36.15,1
2477,2478,959,3,3,33.46,1
2478,2479,650,3,3,35.33,1
2479,2480,704,3,3,32.01,1
2480,2481,932,9,9,37.97,1
2481,2482,382,5,5,34.31,1
2482,2483,725,10,12,38.85,0
2483,2484,737,3,3,33.51,1
2484,2485,529,10,10,36.95,1
2485,2486,357,10,10,30.27,1
2486,2487,595,6,6,32.34,1
2487,2488,810,7,7,30.8,1
2488,2489,233,9,9,30.99,1
2489,2490,124,9,9,39.09,1
2490,2491,792,9,9,39.68,1
2491,2492,937,6,6,31.48,1
2492,2493,449,8,9,37.2,0
2493,2494,236,8,10,30.1,0
2494,2495,752,9,9,34.08,1
2495,2496,364,8,8,37.79,1
2496,2497,324,7,7,35.77,1
2497,2498,839,5,5,36.58,1
2498,2499,563,7,7,39.98,1
2499,2500,374,3,3,36.16,1
2500,2501,501,7,7,37.77,1
2501,2502,225,5,5,37.84,1
2502,2503,399,7,7,36.97,1
2503,2504,528,9,13,39.18,0
2504,2505,869,3,3,34.88,1
2505,2506,415,4,4,38.16,1
2506,2507,395,6,10,30.5,0
2507,2508,179,6,6,35.07,1
2508,2509,173,8,8,30.93,1
2509,2510,449,7,7,30.74,1
2510,2511,874,6,6,35.62,1
2511,2512,974,10,10,39.11,1
2512,2513,862,8,10,39.81,0
2513,2514,179,7,7,39.65,1
2514,2515,436,7,8,39.06,0
2515,2516,524,3,3,32.05,1
2516,2517,963,8,8,33.75,1
2517,2518,487,8,8,32.71,1
2518,2519,631,7,7,33.58,1
2519,2520,869,9,9,31.06,1
2520,2521,172,8,8,30.38,1
2521,2522,631,4,8,31.11,0
2522,2523,923,3,3,31.58,1
2523,2524,909,6,6,38.98,1
2524,2525,272,10,11,38.34,0
2525,2526,790,7,7,39.96,1
2526,2527,356,8,8,37.8,1
2527,2528,113,6,6,34.22,1
2528,2529,681,4,4,36.27,1
2529,2530,875,4,4,34.16,1
2530,2531,141,6,6,33.86,1
2531,2532,678,6,6,33.15,1
2532,2533,902,3,5,33.88,0
2533,2534,491,4,4,30.83,1
2534,2535,142,9,9,35.92,1
2535,2536,132,10,10,32.08,1
2536,2537,885,7,9,31.54,0
2537,2538,552,4,4,39.3,1
2538,2539,769,9,9,35.35,1
2539,2540,208,8,13,33.63,0
2540,2541,968,3,3,38.51,1
2541,2542,175,8,8,39.32,1
2542,2543,747,6,6,36.43,1
2543,2544,488,9,14,38.09,0
2544,2545,141,7,7,38.22,1
2545,2546,863,10,10,32.12,1
2546,2547,432,5,5,39.55,1
2547,2548,513,8,8,33.9,1
2548,2549,890,9,11,31.38,0
2549,2550,811,5,5,35.15,1
2550,2551,264,8,8,35.03,1
2551,2552,226,10,11,33.57,0
2552,2553,549,9,12,32.11,0
2553,2554,871,6,11,34.34,0
2554,2555,578,7,11,35.25,0
2555,2556,966,6,6,30.02,1
2556,2557,713,5,5,32.75,1
2557,2558,994,10,10,33.56,1
2558,2559,288,6,6,34.75,1
2559,2560,115,3,3,35.8,1
2560,2561,191,8,8,35,1
2561,2562,178,5,5,35.83,1
2562,2563,743,8,12,35.57,0
2563,2564,277,10,14,34.86,0
2564,2565,259,5,5,30.47,1
2565,2566,462,6,8,31.66,0
2566,2567,257,5,5,35.39,1
2567,2568,409,6,6,34.53,1
2568,2569,255,3,3,36.95,1
2569,2570,263,7,7,34.6,1
2570,2571,225,8,8,33.94,1
2571,2572,761,8,8,33.28,1
2572,2573,446,7,11,32.5,0
2573,2574,880,5,5,32.54,1
2574,2575,552,7,7,30.5,1
2575,2576,321,5,5,38.57,1
2576,2577,236,5,8,38.72,0
2577,2578,387,7,7,39.66,1
2578,2579,409,5,5,30.51,1
2579,2580,667,10,11,38.3,0
2580,2581,672,10,10,34.18,1
2581,2582,316,5,5,35.99,1
2582,2583,541,9,9,31.05,1
2583,2584,604,8,12,30.71,0
2584,2585,472,8,8,33.28,1
2585,2586,375,9,10,33.69,0
2586,2587,262,7,8,32.31,0
2587,2588,309,9,10,39.68,0
2588,2589,842,6,6,37.56,1
2589,2590,136,4,4,40,1
2590,2591,690,8,8,38.67,1
2591,2592,653,4,9,36.65,0
2592,2593,977,6,6,35.95,1
2593,2594,198,10,10,31.74,1
2594,2595,261,7,7,31.85,1
2595,2596,973,6,6,33.23,1
2596,2597,366,10,10,32.63,1
2597,2598,681,4,4,39.03,1
2598,2599,568,10,10,39.16,1
2599,2600,151,3,3,34.79,1
2600,2601,384,7,7,35.34,1
2601,2602,608,3,3,36.38,1
2602,2603,974,10,10,36.31,1
2603,2604,971,5,5,33.76,1
2604,2605,977,8,8,38.01,1
2605,2606,434,6,6,32.68,1
2606,2607,724,7,7,34.91,1
2607,2608,234,3,7,32.02,0
2608,2609,308,6,11,32.5,0
2609,2610,304,7,7,37.03,1
2610,2611,339,4,4,35.05,1
2611,2612,842,6,6,35.85,1
2612,2613,820,4,4,38.06,1
2613,2614,266,9,11,39.71,0
2614,2615,626,6,7,32.27,0
2615,2616,986,8,13,33.62,0
2616,2617,573,9,9,36.05,1
2617,2618,485,4,4,33.2,1
2618,2619,523,4,4,36.08,1
2619,2620,793,8,8,37.47,1
2620,2621,292,8,8,37.4,1
2621,2622,984,8,8,32.4,1
2622,2623,533,3,3,31.07,1
2623,2624,365,6,6,34.97,1
2624,2625,180,5,6,30.49,0
2625,2626,755,8,8,33.75,1
2626,2627,442,6,6,32.7,1
2627,2628,103,5,5,31.31,1
2628,2629,164,10,13,38.15,0
2629,2630,115,5,5,39.31,1
2630,2631,567,9,9,35.03,1
2631,2632,830,4,4,35.58,1
2632,2633,331,3,3,34.87,1
2633,2634,926,9,9,36.78,1
2634,2635,707,9,9,34.15,1
2635,2636,379,3,3,33.13,1
2636,2637,972,6,6,34.93,1
2637,2638,887,5,5,38.39,1
2638,2639,575,8,8,32.78,1
2639,2640,495,9,9,34.49,1
2640,2641,862,10,15,31.94,0
2641,2642,881,4,4,37.76,1
2642,2643,974,3,3,33.13,1
2643,2644,898,9,9,36.99,1
2644,2645,350,6,6,30.85,1
2645,2646,944,7,7,39.97,1
2646,2647,576,8,13,32.91,0
2647,2648,877,6,6,30.18,1
2648,2649,793,8,10,33.58,0
2649,2650,710,7,7,33.37,1
2650,2651,467,4,4,36.42,1
2651,2652,787,4,4,36.74,1
2652,2653,866,7,7,33.46,1
2653,2654,698,8,8,35.99,1
2654,2655,437,4,4,33.5,1
2655,2656,647,4,5,38.8,0
2656,2657,939,10,10,34.24,1
2657,2658,631,5,5,36.53,1
2658,2659,496,7,7,36.22,1
2659,2660,626,5,5,32.27,1
2660,2661,652,4,4,33.84,1
2661,2662,209,10,10,37.99,1
2662,2663,288,9,9,38.73,1
2663,2664,738,9,9,39.55,1
2664,2665,265,7,7,32.89,1
2665,2666,562,3,3,30.81,1
2666,2667,622,10,10,38.33,1
2667,2668,201,7,7,30.23,1
2668,2669,719,10,10,38.94,1
2669,2670,299,8,12,38.75,0
2670,2671,437,7,8,32.93,0
2671,2672,224,5,5,38.62,1
2672,2673,911,9,13,37.25,0
2673,2674,913,8,8,30.53,1
2674,2675,619,7,7,31.52,1
2675,2676,839,4,4,31.65,1
2676,2677,724,7,7,32.22,1
2677,2678,555,3,6,36.92,0
2678,2679,138,8,10,32.56,0
2679,2680,703,6,6,32.4,1
2680,2681,452,6,6,39.75,1
2681,2682,518,6,6,38.94,1
2682,2683,503,7,7,33.54,1
2683,2684,468,10,10,31.15,1
2684,2685,127,4,4,32.65,1
2685,2686,192,6,6,30.89,1
2686,2687,283,8,8,34.87,1
2687,2688,365,6,6,38.52,1
2688,2689,196,3,3,36.03,1
2689,2690,558,4,4,30.12,1
2690,2691,445,9,9,35.98,1
2691,2692,927,7,7,39.93,1
2692,2693,300,7,7,36.77,1
2693,2694,921,3,3,36.37,1
2694,2695,457,5,6,39.62,0
2695,2696,153,9,14,33.52,0
2696,2697,174,9,11,39.11,0
2697,2698,359,6,6,36.85,1
2698,2699,996,8,13,35.88,0
2699,2700,265,10,10,31.62,1
2700,2701,657,8,8,35.68,1
2701,2702,477,10,10,31.66,1
2702,2703,800,5,7,35.82,0
2703,2704,851,9,11,30.25,0
2704,2705,751,8,13,36.56,0
2705,2706,447,9,9,33.26,1
2706,2707,996,10,10,36.21,1
2707,2708,590,8,8,39.54,1
2708,2709,375,5,8,34.65,0
2709,2710,120,6,6,37.97,1
2710,2711,798,6,6,39.28,1
2711,2712,699,5,6,37.29,0
2712,2713,115,3,5,31.68,0
2713,2714,670,6,6,38.76,1
2714,2715,867,4,4,31.96,1
2715,2716,355,10,10,34.47,1
2716,2717,821,7,7,34.94,1
2717,2718,136,4,4,30.84,1
2718,2719,866,5,10,33.12,0
2719,2720,834,8,8,31.76,1
2720,2721,503,3,5,36.41,0
2721,2722,342,5,6,31.8,0
2722,2723,420,10,10,35.15,1
2723,2724,397,6,6,33.16,1
2724,2725,973,4,4,35.7,1
2725,2726,655,7,7,33.86,1
2726,2727,432,8,8,36.73,1
2727,2728,607,3,4,32.46,0
2728,2729,280,4,4,35.01,1
2729,2730,800,9,9,33.32,1
2730,2731,944,5,5,31.74,1
2731,2732,137,6,10,38.3,0
2732,2733,876,5,5,36.4,1
2733,2734,857,4,4,33.62,1
2734,2735,137,6,6,38.7,1
2735,2736,429,9,9,38.91,1
2736,2737,693,7,7,39.75,1
2737,2738,934,4,6,35.45,0
2738,2739,490,5,5,34.93,1
2739,2740,666,8,8,35.68,1
2740,2741,397,6,6,31.02,1
2741,2742,287,9,9,33.34,1
2742,2743,780,6,7,33.65,0
2743,2744,723,10,14,36.47,0
2744,2745,964,4,4,34.25,1
2745,2746,908,4,4,39.42,1
2746,2747,935,7,7,34.29,1
2747,2748,222,5,5,32.93,1
2748,2749,143,10,15,30.56,0
2749,2750,123,7,7,39.67,1
2750,2751,506,6,8,32.7,0
2751,2752,619,8,8,33.43,1
2752,2753,593,6,6,33.02,1
2753,2754,540,4,4,32.47,1
2754,2755,709,10,15,36.84,0
2755,2756,953,10,10,30.67,1
2756,2757,479,8,10,36.99,0
2757,2758,700,3,3,31.84,1
2758,2759,493,9,9,38.96,1
2759,2760,274,10,10,37.57,1
2760,2761,122,4,8,36.4,0
2761,2762,985,6,6,39.75,1
2762,2763,210,9,10,35.45,0
2763,2764,439,3,3,36.12,1
2764,2765,549,4,9,37.61,0
2765,2766,391,7,7,34.22,1
2766,2767,786,7,7,37.92,1
2767,2768,399,8,12,34.89,0
2768,2769,538,5,5,34.89,1
2769,2770,612,8,12,34.8,0
2770,2771,659,3,3,33.3,1
2771,2772,583,9,14,38.93,0
2772,2773,303,8,8,30.83,1
2773,2774,644,5,5,35.16,1
2774,2775,145,7,7,30.68,1
2775,2776,248,4,5,34.62,0
2776,2777,187,9,9,38.89,1
2777,2778,708,8,8,31.54,1
2778,2779,611,9,9,32.24,1
2779,2780,589,7,7,31.88,1
2780,2781,158,5,5,37.62,1
2781,2782,561,8,8,39.1,1
2782,2783,595,6,6,37.52,1
2783,2784,410,9,14,33.86,0
2784,2785,801,3,5,39.72,0
2785,2786,150,4,4,35.78,1
2786,2787,594,7,7,36.27,1
2787,2788,435,4,8,33.13,0
2788,2789,271,6,6,36.92,1
2789,2790,596,4,6,38.35,0
2790,2791,687,6,6,37.99,1
2791,2792,210,10,10,30.69,1
2792,2793,753,7,7,32.55,1
2793,2794,114,8,9,34.07,0
2794,2795,132,10,11,33.82,0
2795,2796,476,5,5,38.59,1
2796,2797,423,7,7,35.54,1
2797,2798,390,10,10,30.22,1
2798,2799,655,7,7,32.93,1
2799,2800,791,8,8,35.05,1
2800,2801,438,5,5,30.67,1
2801,2802,248,7,10,39.56,0
2802,2803,203,3,3,38.02,1
2803,2804,651,3,6,37.62,0
2804,2805,526,4,4,34.54,1
2805,2806,663,3,4,35.17,0
2806,2807,607,4,4,36.73,1
2807,2808,308,9,9,38.44,1
2808,2809,383,6,7,34.42,0
2809,2810,748,7,9,31.57,0
2810,2811,548,6,7,35,0
2811,2812,845,8,8,38.41,1
2812,2813,830,9,9,32.21,1
2813,2814,938,7,7,32.98,1
2814,2815,201,7,7,39.43,1
2815,2816,309,3,3,34.85,1
2816,2817,187,5,5,31.06,1
2817,2818,296,9,13,37.7,0
2818,2819,234,5,10,30.16,0
2819,2820,871,10,10,36.28,1
2820,2821,391,10,10,31.77,1
2821,2822,553,6,6,31.09,1
2822,2823,889,8,8,33.96,1
2823,2824,679,7,11,39.61,0
2824,2825,768,4,5,38.06,0
2825,2826,588,9,9,31.47,1
2826,2827,463,8,13,34.26,0
2827,2828,364,4,4,37.39,1
2828,2829,414,10,11,39.16,0
2829,2830,873,6,6,33.62,1
2830,2831,740,4,4,30.46,1
2831,2832,305,4,5,39.53,0
2832,2833,534,7,7,37.64,1
2833,2834,818,3,3,31.19,1
2834,2835,854,5,5,31.96,1
2835,2836,660,5,7,39.53,0
2836,2837,435,4,4,37.7,1
2837,2838,877,7,7,32.55,1
2838,2839,849,4,4,33.9,1
2839,2840,236,7,7,30.51,1
2840,2841,721,4,4,31.53,1
2841,2842,410,3,7,36.88,0
2842,2843,826,8,9,34.92,0
2843,2844,379,10,10,37.85,1
2844,2845,864,7,7,36.5,1
2845,2846,194,8,8,30.39,1
2846,2847,530,10,10,32.35,1
2847,2848,295,5,5,36.25,1
2848,2849,921,4,4,40,1
2849,2850,753,3,3,32.43,1
2850,2851,182,6,6,30.26,1
2851,2852,758,4,4,31.22,1
2852,2853,638,4,4,34.8,1
2853,2854,915,3,3,30.34,1
2854,2855,488,8,8,33.92,1
2855,2856,549,3,5,31.14,0
2856,2857,725,4,9,34.65,0
2857,2858,777,8,8,39.79,1
2858,2859,883,4,9,30.99,0
2859,2860,904,8,10,32.05,0
2860,2861,896,8,12,38.24,0
2861,2862,233,7,7,35.16,1
2862,2863,130,9,9,35.44,1
2863,2864,779,6,6,37.9,1
2864,2865,986,10,10,30.32,1
2865,2866,386,3,3,30.28,1
2866,2867,860,3,3,36.22,1
2867,2868,511,5,5,37.18,1
2868,2869,882,9,9,38.01,1
2869,2870,575,9,9,39.59,1
2870,2871,171,3,3,32.17,1
2871,2872,874,9,9,39.13,1
2872,2873,201,10,10,31.45,1
2873,2874,350,3,3,35.61,1
2874,2875,275,8,12,33.3,0
2875,2876,111,5,5,30.72,1
2876,2877,527,10,11,33.19,0
2877,2878,346,10,11,35.2,0
2878,2879,689,8,8,39.04,1
2879,2880,641,10,10,34.84,1
2880,2881,317,10,10,35.32,1
2881,2882,448,5,5,34.3,1
2882,2883,730,10,10,38.42,1
2883,2884,737,7,7,39.41,1
2884,2885,199,4,4,38.89,1
2885,2886,561,8,8,34.14,1
2886,2887,334,6,6,31.4,1
2887,2888,217,10,10,34.71,1
2888,2889,876,8,8,33.38,1
2889,2890,914,6,6,32.2,1
2890,2891,833,6,6,39.94,1
2891,2892,529,8,8,31.46,1
2892,2893,584,4,6,30.21,0
2893,2894,472,6,6,34.31,1
2894,2895,940,8,8,36.55,1
2895,2896,959,8,8,31.84,1
2896,2897,673,5,9,37.75,0
2897,2898,590,4,7,31.13,0
2898,2899,911,8,8,37.09,1
2899,2900,991,9,13,30.14,0
2900,2901,705,6,11,30.28,0
2901,2902,536,7,7,36.55,1
2902,2903,668,8,8,31.59,1
2903,2904,442,4,5,39.55,0
2904,2905,248,3,3,39.97,1
2905,2906,692,10,11,30.74,0
2906,2907,245,10,10,39.38,1
2907,2908,679,3,3,38.99,1
2908,2909,280,7,7,33.52,1
2909,2910,366,8,9,32.88,0
2910,2911,458,7,7,36.04,1
2911,2912,639,8,8,33.93,1
2912,2913,521,3,4,33.01,0
2913,2914,296,3,3,38.91,1
2914,2915,385,8,8,36.94,1
2915,2916,475,9,12,33.23,0
2916,2917,764,9,9,37.2,1
2917,2918,591,4,4,34.04,1
2918,2919,617,9,9,39.86,1
2919,2920,212,6,6,31.68,1
2920,2921,731,9,9,34.24,1
