,S1,S2,S3,S4
0,0.7817741078,0.0660321823,0.9812249468,0.0333880603
1,0.031240172,0.9417109331,6.31754524954186E-05,0.0203369531
2,0.9375591886,0.0002882862,0.9999611514,0.9641262925
3,0.1960575759,0.0003963865,0.0642061304,0.1542374962
4,0.7957076801,0.0003301912,0.9999999999,0.4629181648
5,0.9453020731,0.9453049144,0.9999999399,0.9942642982
6,0.999506762,0.9985878842,0.9893466012,0.8751031679
7,0.7316806006,0.0002519472,0.9999999419,0.0198080326
8,0.1977464526,0.9990754281,0.9765344683,0.9222181716
9,0.0020377984,0.000002188,8.38143948117004E-08,0.9531366842
10,0.794593409,0.9537032862,0.9913424131,0.8747342259
11,0.1896149491,0.9995069337,0.9796170864,0.9992972274
12,0.2142783606,0.9999999673,0.9739317465,0.0045844405
13,0.2064712086,0.8429265457,0.9999203576,0.9602217814
14,0.9315400863,4.62128505467851E-06,1.70137284627299E-07,0.0010918202
15,0.2008172716,0.1089746163,0.9999637302,0.0010650103
16,0.8839772511,0.9994829796,0.9458382582,0.918649584
17,0.8432901737,0.0005422131,0.9999999999,0.9219198837
18,0.9100337387,0.0275199033,0.9902473732,0.7724553837
19,0.1655247321,0.8133515825,3.93087219658152E-05,0.9993163385
20,0.937718327,0.0335896041,0.9629575115,0.8042270044
21,0.7188865243,0.9983108628,0.0320705627,0.0031519599
22,0.459638643,0.0581482987,0.9999260032,0.6515377302
23,0.9181041823,0.8007187534,0.000000074,0.7588987362
24,0.7838996702,0.8339551884,0.0634813113,0.8601905162
25,0.0168606651,0.9987181552,0.9999999355,0.9943917489
26,0.8063828947,0.8747754219,0.9999262118,0.0023554312
27,0.2210422761,0.1226550513,0.0359246351,0.9284744498
28,0.1668464876,0.1382632295,0.0288134225,0.9684625458
29,0.8078607461,0.9995907094,0.027438244,0.7626937546
30,0.9274438351,0.9519429246,0.9779436326,0.3551796304
31,0.2124682135,0.000328189,4.40044430233802E-05,0.8897002542
32,0.1521432751,0.038256908,0.9890813201,0.1765953693
33,0.877461662,0.9572007056,0.9999999999,0.7550084854
34,0.9994441021,0.8359279251,0.9999596873,0.9935445247
35,0.0024901254,0.9984701767,5.52321335489996E-05,0.2332099994
36,0.669733633,0.9999999682,0.0304860411,0.0022974737
37,0.9545081916,0.0002958238,0.9999999999,0.8787367457
38,0.7883125094,0.0003240336,0.0347840283,0.9480001408
39,0.0173847155,0.9210976659,0.9852874389,0.1553771436
40,0.9290551055,0.0363180333,0.0612223054,0.0340375944
41,0.9306223025,0.9999959622,0.0001141745,0.6187031361
42,0.898827899,0.9992199778,1.55852411098204E-07,0.6763526564
43,0.6671874321,0.9499620393,0.9890002065,0.8060697378
44,0.0223324012,0.0004886667,0.0554953545,0.9267812562
45,0.8509744767,0.8535256076,0.9887602802,0.0212556642
46,0.7962093532,0.9988374605,0.9756348304,0.0187244439
47,0.1988404497,0.0674083124,0.057620926,0.9372703872
48,0.7232962594,0.0002549296,0.949966019,0.0207303846
49,0.7242805873,0.9982573788,4.01698275742516E-05,0.9138842872
50,0.9348497844,0.9693027423,0.9748292919,0.7625655248
51,0.7285962865,0.0005438598,0.9999999338,0.1342620703
52,0.7911976646,0.0438843344,0.9905905752,0.0042867215
53,0.9635883305,0.9986493872,0.9802068323,0.8429426783
54,0.4499296648,0.955773789,0.9999349394,0.7528315665
55,0.9616986257,0.9996069025,5.55685152786778E-05,0.0017438581
56,0.9994355715,3.89336727874222E-06,0.0337583125,0.9992984503
57,0.2288112296,0.9999968065,5.74647184806278E-05,0.7891386254
58,0.0190550498,0.9772868898,0.9999547257,0.77386537
59,0.9344629018,0.9564995227,0.9999999388,0.0035439511
60,0.9665444206,0.0002294362,0.9772426438,0.0040859482
61,0.81254225,0.9986985712,0.9999196823,0.6854984159
62,0.2258707462,0.000289213,0.95111168,0.921708464
63,0.8804924802,0.000305474,0.9999273298,0.7372508313
64,0.0022300552,3.13071651954811E-06,0.9999219774,0.6530255159
65,0.8984874126,0.9983960408,0.9820298631,0.0413204372
66,0.5443448676,0.0475401158,0.0500816582,0.9631184601
67,0.1669193192,0.9376348085,0.9999280248,0.8824284869
68,0.0032105116,0.8936732784,0.9999113257,0.0042222273
69,0.0190796293,0.9988744721,9.07192905500108E-08,0.2394630857
70,0.0830806298,0.00000273,0.0301488697,0.7192891056
71,0.8664166218,0.9423117739,0.0330774586,0.0027124621
72,0.8128587385,0.9647856473,5.31471948372752E-05,0.1794478325
73,0.0020831094,0.9147233951,0.000000065,0.8058365534
74,0.4603744593,0.999996098,0.9999999999,0.1775819903
75,0.9994789337,0.9507135895,5.91363676638658E-05,0.7429603859
76,0.2389011551,3.06320949946323E-06,0.9999621001,0.0031867844
77,0.7243198421,0.9995043484,0.9999636302,0.0103878124
78,0.850415544,0.9999961756,5.3126412604153E-05,0.113663763
79,0.7023700274,0.999025025,7.76300659772687E-08,0.7592343513
80,0.7939368098,0.9984624605,0.9806511109,0.124335833
81,0.2206204378,0.8637212244,0.0598818999,0.757503352
82,0.0216913154,0.9989988486,0.9999999999,0.777063486
83,0.9513681061,0.9846931503,0.9999999999,0.8494176798
84,0.6890138919,0.8679906887,0.9569649247,0.9357161468
85,0.0023477379,0.9539130294,4.79555574736077E-05,0.3809455192
86,0.0254393271,0.999496102,0.9999999394,0.9472851332
87,0.159638087,0.9570738659,0.0347045828,0.7433850195
88,0.2336988933,0.9999999728,0.9999615209,0.0217776446
89,0.9029276392,0.9045044498,0.000000164,0.9598061192
90,0.4122830955,0.9560759825,5.27453517924829E-05,0.7625013987
91,0.0216851452,0.0002649582,0.0625492438,0.9992963309
92,0.8779060097,0.0003654491,0.000068487,0.8349983557
93,0.9954382594,2.44108415118209E-06,0.9999208218,0.2105594256
94,0.0039073992,0.9983009006,5.41580836880528E-05,0.9554322923
95,0.0033289337,0.1427579109,0.9876632971,0.9590843781
96,0.959765036,0.9486650924,0.9782364157,0.7472244448
97,0.9599160087,0.9398324247,0.9999999419,0.6569867594
98,0.1931448781,3.64950230696904E-06,0.9999999999,0.8948178579
99,0.9996868911,0.0004100303,0.9999292669,0.9592062224
100,0.9954594569,0.999352067,0.0334309297,0.0011355227
101,0.9722911996,0.0521862252,0.9999202788,0.1521450622
102,0.0263626113,0.8385819417,0.9795909706,0.8398294911
103,0.9484900811,2.32634121969789E-06,0.9809620372,0.9993409116
104,0.1605399384,0.0002633787,0.999966443,0.0026505103
105,0.7314897621,0.9600737043,5.54777934570245E-05,0.6419512712
106,0.9328746047,0.0004030902,0.9782159956,0.7109892968
107,0.0015571189,0.8313307431,1.63388434733626E-07,0.0010021039
108,0.401855089,0.9989797365,0.9999116411,0.9392476392
109,0.6637432328,0.9484876418,0.0343912684,0.959233844
110,0.0106237259,0.999996195,8.98573068187573E-08,0.8359236932
111,0.0349564904,0.9232818711,0.9532547947,0.9650930066
112,0.8125930843,0.9142407124,0.9781871752,0.7574849936
113,0.6373097234,0.0359835246,8.71588543964171E-08,0.0337212798
114,0.1833600472,0.0004773519,0.9568121244,0.9537299879
115,0.9193451058,0.9983499295,0.9999999386,0.1822608591
116,0.7776748596,0.8520285419,0.9999302502,0.0010790435
117,0.0023600844,0.9999999801,0.9999584598,0.7587317665
118,0.1631692397,0.9999999762,0.9866523484,0.0142461347
119,0.0825196148,0.9985292906,0.000083747,0.0024220804
120,0.9600495034,0.977743629,0.9574402264,0.0022854636
121,0.0025600055,0.9534360898,0.0318679494,0.9993068339
122,0.2008294085,0.999619608,0.9999651832,0.9831227506
123,0.2192597186,3.87590757297549E-06,0.0293873442,0.1946506686
124,0.949727934,0.0003643811,0.9580513764,0.3512555523
125,0.4558794699,0.054779019,0.9999632619,0.0323671397
126,0.0200704107,0.0004607766,0.0589154626,0.0023845584
127,0.2226798418,0.9999999789,0.9999999999,0.8099006878
128,0.0187313368,0.0382320411,0.9999603879,0.7578884323
129,0.9329053619,1.94245623728329E-06,0.0331770277,0.1893050837
130,0.8608863705,0.0795006828,0.9999639171,0.036929414
131,0.0036388349,0.9515966997,0.9764816474,0.6404473636
132,0.0203319405,2.30970033197768E-06,0.0597603676,0.0017834391
133,0.9602065695,0.9990845052,0.0671460908,0.7777122159
134,0.0782956908,0.2125114952,0.0268062188,0.7414568805
135,0.689055565,2.27383522916009E-06,0.9769097491,0.7515017745
136,0.4526993845,0.079097853,0.9999233411,0.8354075203
137,0.0252808086,0.9988628644,0.9571460186,0.9128340692
138,0.9946940626,0.9984858058,0.0586220322,0.8694085539
139,0.9599957486,0.9991106917,0.9785574206,0.6226634234
140,0.939912273,0.9610879968,0.9999999339,0.9027363155
141,0.0171614762,0.0003001221,0.9999999999,0.9509968923
142,0.0349279357,0.0003464557,0.9999999999,0.7546727506
143,0.8990815292,0.0002894239,1.55818927060096E-07,0.9009747302
144,0.0027315232,0.9545815906,0.0326402627,0.6808297549
145,0.9605808119,0.0330714001,0.9769895162,0.5592420862
146,0.0022272391,0.0381796384,5.0274456871134E-05,0.9127611974
147,0.0024367184,0.0003539041,0.990936087,0.13269266
148,0.1570590819,0.0002800694,0.0326810114,0.0349343957
149,0.0358549472,0.9991188946,0.0587256198,0.7075419693
150,0.2124782611,0.039244446,0.9999615116,0.0211806065
151,0.036568777,0.0389737474,0.9912627869,0.8817307002
152,0.0196782164,0.9985429002,0.9774207091,0.7385930909
153,0.9299347898,0.1133065674,0.978259234,0.7455939221
154,0.9600225665,0.0382061034,8.93439981967072E-08,0.8921250162
155,0.95803109,0.0482395746,0.0414553658,0.1588160681
156,0.0305881733,0.8656650287,0.9999647822,0.0852607878
157,0.8588178022,0.9989769956,9.05089806210272E-08,0.00151083
158,0.0024012737,0.9995928037,0.0000492,0.0033691103
159,0.7881838961,0.000002127,0.9999999999,0.950678865
160,0.9994450756,0.9999999706,0.9999287129,0.002551954
161,0.8080296949,2.82379543076471E-06,0.9918081464,0.6312659099
162,0.940823853,0.9988256005,0.999957694,0.0033435967
163,0.0030144428,2.229731804908E-06,0.9696824199,0.9036328069
164,0.9618294732,2.34114462105936E-06,0.9799128484,0.1683896736
165,0.0025219414,0.0690903995,4.38357080675049E-05,0.7681061074
166,0.8714022685,0.0003286546,0.9999999416,0.4650199761
167,0.0233575253,0.0003098879,0.0686736405,0.166172383
168,0.9580055623,0.9999999686,0.0310686487,0.6953659112
169,0.7909108882,0.9986058929,8.91690429621712E-08,0.0783946445
170,0.084571583,0.8321090401,0.9999295852,0.0025514161
171,0.9994350582,0.1084583653,0.9916656881,0.7552070498
172,0.2279219541,0.1814029503,0.033120229,0.9598151736
173,0.0814537727,0.0833201972,0.9999999999,0.0251780277
174,0.4386025957,0.0003966112,0.0360908473,0.6494826016
175,0.7886346596,0.1010833568,0.9999248511,0.024193467
176,0.1612535445,0.9477998911,5.00327067448812E-05,0.7375752788
177,0.0200104617,0.8271583695,0.9536386916,0.7512536548
178,0.929643523,0.0379381535,0.9999999999,0.9995915541
179,0.9625985665,0.0002597683,9.45128798832118E-08,0.0357214912
180,0.9449973374,0.9619873153,0.9770934233,0.0207302318
181,0.1964426904,0.9982306518,0.9770400402,0.0160800558
182,0.226086145,0.9524615391,1.10344105497893E-07,0.4264851409
183,0.225795444,4.65870558559218E-06,0.9580524148,0.8814888132
184,0.2010493736,0.0362447353,0.9875230851,0.0034286609
185,0.7884339075,0.9801564884,0.9999999296,0.3493976277
186,0.9551436593,0.8504194521,0.9773448193,0.7503054322
187,0.9692893726,0.9985794417,0.0345561605,0.7725819163
188,0.9598093467,0.9996538079,0.976015645,0.8949116566
189,0.8770519679,0.9726700223,0.99999992,0.9538715842
190,0.8805514564,0.0002818264,0.9999999999,0.0023205343
191,0.0010829196,0.9368211242,0.9761310416,0.7571075488
192,0.0284011494,0.9778203692,0.981014279,0.0214325714
193,0.2012161621,0.0363294242,0.9570727639,0.9153070055
194,0.0276766147,0.9989132167,0.9999217732,0.7837631252
195,0.6317761856,0.9999961551,0.9575710733,0.6920286656
196,0.941080086,0.0004724413,0.9870624959,0.6728631908
197,0.93330248,0.9989286741,8.16222345305152E-05,0.003695551
198,0.0024532409,0.9999999631,0.9999617202,0.1758297247
199,0.1699395693,0.9423929552,0.9999999999,0.0189413407
200,0.2087348282,0.0003271625,0.9999288039,0.9153424537
201,0.7940773736,1.80331617912805E-06,0.9999609619,0.0042923058
202,0.7957601027,0.9363296563,0.0756800875,0.9376268233
203,0.0166789941,0.0003274615,0.0343870087,0.8376956273
204,0.9469289534,0.9988505523,0.9811666856,0.9322495045
205,0.8812554557,0.0448998321,0.0347435962,0.9993493277
206,0.9994192978,0.998535061,0.9777216041,0.6867114593
207,0.0211671272,0.0432651009,0.9999324487,0.798514043
208,0.4522665295,0.963754632,0.9772688478,0.8377447256
209,0.7254766263,0.9674370372,0.9999999999,0.0042681174
210,0.785793535,0.9690542012,0.999928438,0.2247695816
211,0.1260458336,0.0389246924,0.9999604693,0.0037288063
212,0.9607355769,0.1411019751,0.0329372596,0.9406220765
213,0.0034752076,0.9382375432,0.9999615256,0.9625599194
214,0.9645927533,0.9750261894,0.9879174856,0.0219863101
215,0.9947329071,0.8396232096,0.9916888758,0.7710560669
216,0.9669959736,4.69556347416466E-06,0.9999607909,0.9456048161
217,0.0200680467,2.7322906453127E-06,0.9999611933,0.9643155772
218,0.2227851988,0.2032408704,1.01648283444486E-07,0.9993514266
219,0.8712283069,0.0002420577,0.9861455624,0.0202363304
220,0.0309686316,0.1093756611,8.63814734814281E-08,0.179658686
221,0.9229562929,0.9541093351,0.030645359,0.7618028275
222,0.1606455039,0.9987999036,8.83409642452672E-08,0.0194984431
223,0.7194304629,0.9988073072,0.9897581751,0.75223218
224,0.7839464479,0.8765272053,0.9750453096,0.4568059983
225,0.7432085562,0.9996892092,0.9999999375,0.9478537093
226,0.9332787452,0.9982445067,5.28846241368946E-05,0.7776293768
227,0.8125982694,0.1424552716,0.9768826848,0.7513433682
228,0.1190684301,0.0386496016,1.13646592234547E-07,0.2275383568
229,0.8127169584,0.0005026449,0.9794889468,0.7482811392
230,0.1460670044,0.9432693968,0.9545872796,0.9067412433
231,0.7932338546,4.82923188724583E-06,0.9999999999,0.9376474103
232,0.8840225597,0.0002745229,0.9559138305,0.1944442845
233,0.7880075442,0.9999999551,0.9999999999,0.0036653423
234,0.8124421493,0.0410706776,0.999924797,0.0358304465
235,0.9402059599,0.9265520619,0.9744332723,0.7575898388
236,0.7882016607,0.9993353797,8.81467316567987E-08,0.8083823149
237,0.020766105,0.0002915975,4.54016128907299E-05,0.046915586
238,0.0022263791,0.9992258503,0.9772900681,0.9023620557
239,0.9537906771,0.9373854084,0.9808165335,0.1872305589
240,0.9529504094,0.8349330942,0.9802462007,0.4322744983
241,0.1369709081,2.44350876481969E-06,0.0636445838,0.9944390584
242,0.9488821456,0.0284943359,8.72816142062821E-08,0.6281227886
243,0.1506889759,0.799093692,6.07695476676195E-05,0.2264133819
244,0.9624225633,0.8438454992,0.00005639,0.7483131425
245,0.166361901,0.8247974534,0.9999242749,0.6299754688
246,0.7386206563,5.94255138015093E-06,1.21915865119173E-07,0.6551971647
247,0.999630115,0.9999999693,0.9999275604,0.2644359986
248,0.1576113472,3.74983465953937E-06,0.9999999999,0.1729703928
249,0.9604542209,0.9378135414,5.36102159124145E-05,0.1959222254
250,0.9129094373,2.59038919437177E-06,0.9998266972,0.6513637929
251,0.944986546,0.9578024362,1.16807503360803E-07,0.8313225162
252,0.9385396174,0.9390976163,0.9999255096,0.9577489258
253,0.8853585193,0.0005341663,0.0644516392,0.9943953428
254,0.0035369675,2.393666848618E-06,0.0324174426,0.0015451708
255,0.7961531333,3.9276046022426E-06,0.9999295791,0.7249968404
256,0.6305547762,0.0004897031,0.9998993252,0.00320356
257,0.8708012241,0.9984232454,0.9999999399,0.9183150932
258,0.902909062,0.0008071625,0.9850278777,0.7596885481
259,0.9437841828,0.0462927119,0.9550972434,0.8306764108
260,0.9693951476,0.8885640542,0.9999999999,0.23911806
261,0.0035770464,0.8711987151,0.9999999421,0.8140861886
262,0.5630304058,0.0674223762,0.0332351434,0.9937900266
263,0.7257009253,0.0352568593,0.0001035959,0.9042713638
264,0.4513053356,0.9989083123,0.9999633851,0.9586290882
265,0.5466127173,0.8177208785,0.9527509476,0.1885963203
266,0.0018712742,0.9996920996,0.9772891891,0.7240285488
267,0.002274853,0.9459510336,0.9999248554,0.0372756605
268,0.0037290074,0.9984404999,0.0646841789,0.7532314876
269,0.9505265069,0.8721768436,0.9999999999,0.0010707959
270,0.9155119443,0.0668782394,5.38522034676792E-05,0.804903869
271,0.0039015555,0.9995190012,5.48037124540838E-05,0.0031361365
272,0.5471818785,0.2115138424,0.9551974373,0.8247666335
273,0.7941559536,0.0356936304,0.9999615821,0.0022133335
274,0.9951520043,0.836970753,0.00000009,0.821308966
275,0.9994997136,0.0389853607,0.9999562545,0.8707986627
276,0.0010597793,0.0003151203,0.9999632954,0.7341049515
277,0.7890219075,0.0372125637,8.65944904506068E-08,0.9471333925
278,0.9512957515,0.8488813688,0.9999606956,0.9993145694
279,0.99711646,0.9985783056,0.9999132473,0.6570281385
280,0.4046209231,0.839632663,0.0343084668,0.7652535352
281,0.7123386043,0.0350035145,0.9551721051,0.959107948
282,0.995469731,0.0439648594,0.9999999999,0.0324267083
283,0.0310399034,0.0004303009,0.9999999299,0.6574381357
284,0.0038177846,0.999999981,0.9999131008,0.9653630799
285,0.0787092404,0.0397495737,0.9999999999,0.9679296432
286,0.7958927188,3.89826148597349E-06,0.9806681978,0.9254253745
287,0.6427029327,0.0369717083,0.9913306618,0.994530115
288,0.0023121937,3.00713457866459E-06,0.0321566064,0.7796575086
289,0.0299848965,0.9449590558,0.9999999251,0.9389434353
290,0.8786138238,0.9984589257,9.86880470155754E-08,0.028945399
291,0.775028489,2.31862979597128E-06,0.9999590204,0.9599895918
292,0.7017830901,0.0437411465,0.9999274385,0.00362333
293,0.0010644922,0.05385623,8.68629383059992E-08,0.7747138704
294,0.9348631669,0.9990248364,7.6487716622755E-08,0.0231161419
295,0.0092940449,0.0380726531,0.9572056806,0.9435623218
296,0.8518040616,0.9439095911,0.9558824773,0.7678675051
297,0.1600431418,0.9999999717,0.0346754048,0.0324656315
298,0.8431680491,0.9994713143,0.9793628521,0.9600235972
299,0.9405243232,0.9991746191,0.0620878198,0.7518923846
300,0.9738459585,0.0354618142,0.9771820489,0.0028634886
301,0.0100306577,0.9387867439,1.51995300901021E-05,0.7774792723
302,0.0318889193,0.9981647943,0.0589386929,0.8389075244
303,0.7915950031,0.9986951381,0.9999295454,0.0193219062
304,0.7404724477,0.7910391939,5.61965823885461E-05,0.7215840658
305,0.7883059877,0.0003124215,5.68608432285979E-05,0.1586774359
306,0.2262492315,0.0002592075,0.999909946,0.8770359396
307,0.8838527909,0.9999999673,0.9999999285,0.1875933215
308,0.0022118611,0.946060178,0.9999999287,0.791046984
309,0.9995043938,0.941873886,0.00005257,0.0039450334
310,0.87222541,0.000519601,0.9999999999,0.7537970532
311,0.1437207702,0.0003749462,0.9999999417,0.7707548963
312,0.9189076939,0.2083419547,0.0352118986,0.0031702762
313,0.9994343773,0.0428674623,5.41900667285595E-08,0.0038311712
314,0.9408270927,0.9467971333,9.46852215921627E-08,0.003578609
315,0.8991583091,0.9990174812,0.9999999387,0.7753063453
316,0.8876114335,0.9993179327,0.0645762911,0.0341841513
317,0.0018675419,0.8290006626,0.000054245,0.9127953058
318,0.8117510436,0.0449581125,5.69752055475953E-05,0.1457755429
319,0.0097902461,0.9552979758,0.0342064762,0.7724017877
320,0.9994390521,0.9067264428,0.9999999999,0.6867048981
321,0.9994116934,0.8810770437,0.9999528782,0.6338255556
322,0.2287970837,0.9575954425,0.000000194,0.7588387693
323,0.0031897126,0.8415910285,0.9920016574,0.0208871794
324,0.8515713006,0.9387136398,0.9457232984,0.0028480773
325,0.999445658,0.9999961909,9.06529170705037E-08,0.8296289219
326,0.805033599,0.886343613,0.9851632752,0.9533250667
327,0.0022801713,0.0002874998,0.00000009,0.8267943141
328,0.9336957463,0.9491619387,0.9775638831,0.7747092411
329,0.7919261814,0.9992005651,0.9999606291,0.1565073118
330,0.8633683581,0.9986521571,8.15074961308287E-08,0.0030197535
331,0.7383914881,2.45963589331441E-06,0.9697227272,0.0226065966
332,0.1820722091,2.42805366940931E-06,0.97949575,0.9590117243
333,0.9617853285,0.9984223185,0.034944786,0.6727220286
334,0.0312707928,0.938842799,0.9492559745,0.143259242
335,0.2083012387,3.79716379818973E-06,0.9788452062,0.2331417153
336,0.0031576726,2.78008497896734E-06,0.9999296068,0.7570552087
337,0.0010826474,0.0003128425,7.20691707741641E-05,0.7828120633
338,0.4505741191,0.0004162882,0.9912070019,0.2368476715
339,0.9098340804,0.030892653,0.9751976509,0.0021592018
340,0.7938696209,0.0544748256,0.0618304943,0.2297714317
341,0.0202381318,0.9999999704,0.0645731607,0.0010113731
342,0.0039110734,2.58289660673016E-06,0.9999999415,0.8484297859
343,0.7936352871,0.9987207187,0.9999296004,0.9617821253
344,0.2163860827,0.0003143289,0.0340152361,0.6525619121
345,0.7157869343,3.23481958685682E-06,8.93103002610298E-08,0.8921437107
346,0.6999407285,0.9984203344,1.42168536353514E-07,0.1851574876
347,0.8638283375,0.9984778643,0.0367873862,0.0010196244
348,0.9995068585,0.966978605,0.9999625341,0.0011510852
349,0.9678667999,0.893011314,0.9999999343,0.7620115455
350,0.034031021,0.0361094725,0.0652225344,0.0231630394
351,0.9960839434,2.27578701314517E-06,0.9746979658,0.1135460598
352,0.8522168409,0.9683819071,0.9999617038,0.2289087047
353,0.8120930617,0.8537369518,0.9999999338,0.7547232361
354,0.4065119915,0.8400277861,8.10812205291968E-08,0.6611383692
355,0.8839554489,0.9999999673,0.0612154767,0.9001738639
356,0.9355867259,0.998294626,0.9769522345,0.9993273262
357,0.9654238181,0.9984347949,1.79704684225999E-07,0.6567392283
358,0.9954704084,0.9999971776,0.9999212966,0.7723843308
359,0.788170789,2.03376681496532E-06,0.9443479008,0.672439996
360,0.851178158,0.8254482799,0.9792491039,0.9329420411
361,0.1984528022,0.0412214639,0.0622771616,0.3643287261
362,0.9372061918,0.9985441281,0.9999145556,0.7561993687
363,0.8040536951,0.9377930945,0.9999143284,0.9160583019
364,0.9004136091,0.9618355972,0.9999999999,0.8607374566
365,0.9222984218,0.8484860306,0.9569830602,0.959936433
366,0.7947025892,0.8221814825,0.9999999999,0.259553859
367,0.948383946,0.0384213164,0.9558698668,0.9573935629
368,0.1855801905,0.0439632325,0.9774232426,0.0106808112
369,0.8119402614,0.8379176666,0.0673631574,0.1644831711
370,0.6848207845,4.15479519941051E-06,0.9801236546,0.7653241609
371,0.9291731422,0.9606405879,0.0348734603,0.999323457
372,0.9602473086,0.9982184589,0.9999636387,0.938488681
373,0.7916100821,0.8172217925,0.0645521004,0.9994999255
374,0.5844085671,0.160304041,0.9999999999,0.6908677583
375,0.4483453648,0.0003716565,0.9598981255,0.1897152239
376,0.7918844384,2.85869518466928E-06,0.0644606666,0.7582433202
377,0.9453277621,0.0002905069,0.9583925936,0.0347598895
378,0.1839419026,0.881079013,0.0338409069,0.8797999512
379,0.084275653,0.9999999718,0.9564483271,0.9940032767
380,0.8076321333,0.0365624125,0.9883992888,0.7255863248
381,0.0024136314,0.9721628105,0.9750561543,0.0031631843
382,0.7924000271,0.1063890673,0.9999999999,0.0018746829
383,0.9995075957,0.0002638763,0.9468360893,0.2229248843
384,0.4385624239,0.9662375962,4.48378539141099E-05,0.68576153
385,0.0015050503,0.8319846184,0.0506809582,0.1589311302
386,0.0030193145,2.67517294013242E-06,0.0619816715,0.0231158476
387,0.7090177466,0.9566366793,0.9999283152,0.9016193547
388,0.0140863399,0.8497609925,0.0624948978,0.9262313715
389,0.7145873398,0.9999999676,0.9913284454,0.9705780757
390,0.9233857034,0.9531547725,0.9748521047,0.8127837493
391,0.1137420076,0.00048079,0.9919302312,0.7727055499
392,0.4096977941,0.998619812,0.9999649844,0.8743033998
393,0.879327808,0.0002843938,0.9532349278,0.9614306107
394,0.8514097729,2.50906924240694E-06,0.9770727813,0.7641401345
395,0.0240580502,3.4127182009494E-06,0.000055249,0.0018231558
396,0.793797038,0.9370373101,0.06325552,0.7529912669
397,0.9145479386,0.9984331728,0.991484103,0.7721544703
398,0.9288515069,0.0003151766,0.9999999999,0.9265948199
399,0.9954694295,0.048967236,0.0644910089,0.9952757809
400,0.1189987917,0.000002787,8.45833503176315E-08,0.7540258203
401,0.7418959851,0.1645357618,9.21594839766428E-08,0.0346457305
402,0.9538080056,0.9985332159,0.9999229363,0.7547080431
403,0.8628777449,2.75576763723219E-06,0.955522015,0.020408382
404,0.0035339762,0.9298898458,0.9898316965,0.2293963613
405,0.0037506838,0.999995939,0.999929361,0.0143580349
406,0.6309969776,0.9982518523,0.9999999999,0.943329578
407,0.7924011003,0.4064114827,0.064389441,0.7550273315
408,0.0033142639,0.8238961611,0.9909409306,0.2116261539
409,0.9994379958,0.9993459534,8.76312066370622E-08,0.9149924192
410,0.0020650622,0.0003750486,0.0001063404,0.8091649802
411,0.8847505415,0.8407369619,8.64997184102956E-08,0.0193410906
412,0.1920400601,0.9995731108,0.999925334,0.923509631
413,0.0323570609,0.0596167087,0.9788722149,0.8041805769
414,0.9489354627,6.95121295377058E-06,6.57709922825259E-08,0.9627581058
415,0.2309913444,0.9982571005,0.9999999999,0.353835704
416,0.9948236862,0.9999935303,0.999958436,0.9294412709
417,0.0192802538,0.000004073,0.032304787,0.0022810492
418,0.5501287918,0.8254324191,0.9924067188,0.717956861
419,0.0036181888,0.0451872418,0.9914185401,0.9095946823
420,0.6998807536,0.9641089877,0.9999261535,0.6325185065
421,0.9590409339,0.0006546054,0.9999287334,0.9464004391
422,0.8930646364,0.0004816327,0.9891302174,0.3541812725
423,0.8652620606,0.998529389,0.9999999347,0.7542697695
424,0.7678497637,0.9283583611,0.9828602856,0.1782960949
425,0.8934854201,0.8688677463,0.9912240137,0.029440278
426,0.7132878554,0.0003102321,0.977028745,0.7074283708
427,0.9525033963,0.0003212891,0.9999446053,0.2225480838
428,0.9448765045,0.9999999687,0.9550104233,0.8939459175
429,0.0023117927,0.9995463636,0.0268103806,0.0143348268
430,0.0019170031,0.9551155714,0.9575585133,0.1554921127
431,0.2210501514,0.9627033223,0.9764934376,0.1502397208
432,0.9696035861,3.23976543536692E-06,0.9999122606,0.7119119093
433,0.2206876061,0.9999965705,0.9558826983,0.8282117875
434,0.7758204793,0.9682464075,8.81900808642745E-08,0.0038331219
435,0.002489682,0.23168682,0.0637802501,0.1132395713
436,0.509564269,2.38415717385348E-06,0.9999483001,0.0778064408
437,0.7916050021,2.0214164152475E-05,5.58203832739047E-05,0.2275998039
438,0.0895857608,0.9985875292,7.79008039485621E-08,0.9102332513
439,0.7309639647,0.9487839847,0.9822042923,0.9944036815
440,0.0329536632,0.0805865049,0.9813584161,0.2681157935
441,0.4084112977,0.9080463533,0.0583262755,0.002873768
442,0.7907995698,0.000002304,0.000064516,0.0826346394
443,0.9356840017,0.000002958,0.9574188685,0.0011128639
444,0.8875531305,0.0641301325,0.9999999395,0.8850815882
445,0.0021226816,0.9888237533,0.957636559,0.0020232341
446,0.9537185437,0.9386640101,0.9999306294,0.429804676
447,0.631494942,2.42006665023371E-06,0.9999229913,0.2300187905
448,0.8507276024,2.40279249194616E-06,0.9999258997,0.6872011795
449,0.794749496,0.9530300286,9.19477077213947E-08,0.0033212463
450,0.7857913487,0.9981911093,0.9760664314,0.6853382589
451,0.804618145,0.9987717076,0.999927294,0.00285588
452,0.8119057413,0.8024595978,7.48854439401476E-08,0.972566215
453,0.2248510122,2.46818299579448E-06,0.000057234,0.0204137199
454,0.1691673581,0.9989662739,0.9587316585,0.9509890277
455,0.0228881836,2.76749704516713E-06,0.9778201258,0.9993276475
456,0.0026764716,0.9398425313,0.9999338539,0.0010639167
457,0.9423022833,0.8844002499,5.59061245868081E-05,0.769028043
458,0.6983108257,0.0983193234,9.22524237332986E-08,0.1499755612
459,0.0213701424,0.999566334,0.0626131878,0.9632519578
460,0.7231185533,0.9990325208,0.9999999394,0.1780037828
461,0.3098617241,0.8562300572,0.9999632986,0.7255762662
462,0.0193229139,0.9521764171,0.989868522,0.6675649568
463,0.4089393047,0.1427516144,0.0340542956,0.4319906555
464,0.15708939,0.8817612954,0.9917027863,0.9244618449
465,0.8116918527,0.9011609866,0.9999615377,0.9449623569
466,0.2540409361,3.62268239357839E-06,0.999999936,0.1487199142
467,0.8049252257,0.0333216443,0.9806561186,0.9940045019
468,0.999427001,0.9558199841,0.9999191683,0.7771083846
469,0.2347222417,0.999996699,0.000053274,0.0040007473
470,0.0023656419,0.9388771153,0.9573005329,0.2451515598
471,0.4765818342,0.9987652403,0.0331641558,0.003857696
472,0.0312694971,0.9985212448,0.9999224683,0.6773686476
473,0.1673031558,0.8061705737,0.9679708048,0.7621222284
474,0.7908495917,0.9628491978,9.17645966600248E-08,0.8617598278
475,0.0218230966,0.0003201735,8.46184252318007E-08,0.941648407
476,0.728391517,0.9988411947,0.9999999416,0.0263216636
477,0.0015751122,0.8792474527,8.72397349522617E-08,0.9612650733
478,0.2308211478,3.86889280786112E-06,0.9999999999,0.9195567492
479,0.7939059698,0.000002903,1.65086395003885E-07,0.9585084102
480,0.8505875576,0.0010004926,0.0558557175,0.1413523249
481,0.7912795277,2.34346763492418E-06,5.32438712493924E-05,0.2087356284
482,0.789290333,0.0002884912,0.9577849969,0.1907087444
483,0.9994259379,0.8054163046,0.0662019608,0.8564928577
484,0.0308509677,0.0339300066,0.9911150463,0.2587179054
485,0.0189338972,0.9474434952,0.9567454686,0.6333460498
486,0.6952356867,0.0544381822,0.9999634283,0.9484719894
487,0.1857361144,0.8312731174,0.9525230205,0.6580176583
488,0.9996281824,1.97117132284844E-06,6.0035758666307E-05,0.9479119248
489,0.1168980086,0.9984460839,0.0622973438,0.9224654503
490,0.0015545719,0.965297317,0.999929696,0.0024476888
491,0.7600665804,0.9703753404,0.9740822175,0.0208755116
492,0.0277871154,0.9985263303,0.0578017917,0.6688235814
493,0.0297512669,2.71571325430811E-06,5.58644474645528E-05,0.8238276167
494,0.9996865633,0.9983228293,0.9999565562,0.0021900292
495,0.9366930443,0.0003860003,0.976295818,0.8956537249
496,0.1991441086,0.9982382317,0.95355044,0.6300444253
497,0.7748987712,0.069430287,0.0355724682,0.7189934621
498,0.1365211122,0.9999961094,0.0671486888,0.0137432813
499,0.7912708731,0.820073284,0.9999999999,0.001084177
500,0.999503045,2.21707655495103E-06,0.9747326962,0.8366747526
501,0.0250260174,0.998608019,0.9884857492,0.6730523503
502,0.2748167647,0.0391985555,0.0349360489,0.9993741244
503,0.0304589367,0.9983219775,0.9904671735,0.2051703945
504,0.6638613369,0.8765948854,0.9999629433,0.0023974025
505,0.0024900756,0.9466362425,5.08246160719591E-05,0.6628164781
506,0.4526008921,0.0004027312,0.0240149821,0.0038804901
507,0.7919622626,0.9625838224,0.9999999999,0.1948962304
508,0.7614151428,0.0004043807,0.9896458149,0.1989540679
509,0.0033379966,0.1279358366,0.026980433,0.0301198945
510,0.9518405251,0.1202534927,0.9999999365,0.9553354357
511,0.0034603238,0.000002457,0.060988899,0.8286234063
512,0.9098828841,0.0537311656,0.9999590937,0.7756750776
513,0.7956618943,2.09094737809066E-06,0.974584828,0.0034992191
514,0.8958642637,0.9999969398,0.0602940982,0.2177854581
515,0.99947996,0.9982750002,0.9999168007,0.6314306171
516,0.0231520344,0.0014625659,0.9999999999,0.9250264452
517,0.411461383,0.0003249431,0.9876908142,0.9054856219
518,0.0289075533,0.1100594016,0.9999999999,0.7740292604
519,0.002821739,0.99951432,0.9999237145,0.00209541
520,0.2127183603,0.9999999699,0.0623759148,0.9278034879
521,0.0011631059,0.9547130792,0.9738809387,0.759748281
522,0.9327568758,0.9746868253,0.0619417486,0.7713267294
523,0.9901402383,0.0003571597,0.0659435872,0.6315555889
524,0.4275812586,0.9999972004,0.0351171114,0.0023639977
525,0.1997571569,0.9999964109,0.9778844242,0.9373038737
526,0.9029979228,0.0329443764,0.000051852,0.9943633409
527,0.883982992,0.998389766,5.4410442303099E-05,0.0200794709
528,0.9970903444,0.9999964711,0.032485808,0.6508374266
529,0.7887061556,0.9989781876,0.869761368,0.2631353593
530,0.7922670343,0.9513021533,0.9729546172,0.7717905123
531,0.0213718284,0.0003980571,0.9999999999,0.9434482277
532,0.0026936059,0.8391272528,0.9999622258,0.0032077342
533,0.0826852699,0.998439775,0.9999624799,0.0021347838
534,0.0336611357,0.8279118977,5.29878450873269E-05,0.6561346924
535,0.1765180796,2.49374387920524E-06,0.99999994,0.0792587065
536,0.0025333524,0.9400036566,0.9489192791,0.0016108944
537,0.939496091,0.117633655,0.9907561944,0.9944122434
538,0.7854919792,0.0632505416,0.062138843,0.1564999877
539,0.2728898486,0.035553212,0.999933877,0.8748153346
540,0.9190956769,0.0005377773,0.056272559,0.8390812609
541,0.9668256025,0.0002958123,9.21963673632066E-08,0.9387735443
542,0.6210845754,0.104266762,0.9999999404,0.0311008157
543,0.2075656007,0.9999958411,0.9999999999,0.6654309555
544,0.8860974882,2.52089524725881E-06,0.9999589796,0.0018376213
545,0.7922164204,0.0572224304,9.01554714002549E-08,0.9111327294
546,0.6185047219,0.9338481653,0.9889934066,0.9220389723
547,0.0442637824,0.1109829496,0.9999586919,0.9269649032
548,0.1513814237,0.829496126,0.9799397162,0.0309286506
549,0.7910388525,0.9426016983,0.9999635504,0.009429099
550,0.0292736727,0.8831670681,0.9999999999,0.0024430492
551,0.934073885,0.9999963069,0.000046914,0.2558333868
552,0.651330681,0.0371667064,0.9999999369,0.0031880478
553,0.2012784143,0.9160989756,0.9999999999,0.9602323995
554,0.1555654975,0.0004010882,0.9999999391,0.9420881608
555,0.9428065941,0.877016949,0.9795531077,0.3621170202
556,0.2433955897,0.1101070507,0.9760603653,0.1876503757
557,0.0022004994,0.999999967,5.72179264588736E-05,0.0035669106
558,0.6625714605,0.0331817057,0.999928915,0.7240305218
559,0.9632136729,0.9993349684,0.9894661379,0.719122616
560,0.5077936404,0.9999970598,8.94231853445233E-08,0.7556188214
561,0.8123533918,0.0532044026,0.999916737,0.9606904508
562,0.1472493367,2.89037849334927E-06,0.9999999999,0.9179121649
563,0.9544495225,0.8227523013,0.9909104212,0.7569352052
564,0.8074336475,0.8929966692,0.9999613786,0.0354830517
565,0.1981745818,0.000550436,0.9999622465,0.0022511952
566,0.0030022588,0.836616941,0.9999999999,0.8326036465
567,0.0034842978,0.9531652891,0.03453087,0.8777794128
568,0.0024959161,0.0520003595,0.9999999384,0.9228418528
569,0.4461308895,0.0003654029,0.9580564109,0.963189145
570,0.8117614583,0.9989314363,8.79471333234024E-08,0.0028552129
571,0.999479377,0.0004563397,0.9904895883,0.7551868665
572,0.2001140035,0.8494766241,0.9999633065,0.0022769469
573,0.0035111564,0.8445515708,0.9999542348,0.6320378736
574,0.8991307756,0.037810953,0.058075106,0.0331646574
575,0.1611982841,0.9426309876,0.9999999355,0.2174899358
576,0.9488305757,2.70078433908679E-06,0.9999275852,0.1553683632
577,0.8644661114,2.2896729233953E-06,8.38062332324437E-08,0.0248526469
578,0.9601416186,2.58980017654455E-06,5.89771766507807E-05,0.0022086795
579,0.9324456708,0.9983901189,0.9887436429,0.4417960105
580,0.2583278096,0.9981310501,0.0592795084,0.8782395723
581,0.7882468696,0.037576657,0.9999999419,0.1633284299
582,0.7509732676,0.9999999646,0.9784243414,0.0031232233
583,0.8856617442,2.21959920804104E-06,0.9999626888,0.002159344
584,0.401745771,0.9995242036,9.21348427581548E-08,0.9381713122
585,0.7854542986,0.999633622,0.999958391,0.7536526504
586,0.9543954695,0.9361423389,0.9999999999,0.1414245493
587,0.6766161233,3.85359615072208E-06,0.9999273124,0.6087799729
588,0.137085979,0.9638891056,0.0598037196,0.8675926758
589,0.0010672435,0.9527175172,0.9999999413,0.9618328758
590,0.7892374622,0.1886839723,0.9836330308,0.9637288162
591,0.7944978738,0.9989621373,0.9999999999,0.6594762496
592,0.4105852517,2.46250554794883E-06,0.9999999376,0.0325776348
593,0.7372305503,4.65543515171827E-06,0.0651041288,0.7986602305
594,0.8514980693,0.9669240103,0.9790266043,0.9993475572
595,0.6992053378,0.0003180627,0.8659119434,0.9054443396
596,0.7914512749,0.999139401,4.9015227925025E-05,0.9460422853
597,0.3050176981,0.8732847549,0.9999634953,0.0024057695
598,0.0010798541,0.000003656,0.9750273331,0.9389048484
599,0.0170675257,3.75523295527563E-06,0.0580139568,0.1155972486
600,0.2219639876,0.000485947,0.9567483216,0.730766769
601,0.9469067291,0.0003796161,0.9999999999,0.0140270547
602,0.0021528602,0.0357039142,0.0325836702,0.672622403
603,0.6355129164,0.0381484619,0.9788503753,0.2282610001
604,0.9994375853,0.0017354671,0.9999249564,0.7565064812
605,0.2497409779,0.9993724063,0.9844244822,0.7576121754
606,0.0025711656,0.0548437714,0.9591198049,0.9343641244
607,0.5071703,0.8810547415,0.9710157848,0.9516346922
608,0.4062430443,0.9999974278,0.0346451399,0.1237799772
609,0.0318392416,0.8341554435,0.9842504921,0.9103181734
610,0.8121888425,0.0002917001,0.9734460224,0.9942980312
611,0.0302927844,0.057352556,4.68931879285428E-05,0.7524462542
612,0.7933559882,0.053414135,0.9999353625,0.0361796375
613,0.7914196868,0.999996167,5.1531830984311E-05,0.1312929838
614,0.1552158302,3.76115813553865E-06,0.9999999999,0.0172289419
615,0.7914516286,0.999996339,0.999924734,0.5447392684
616,0.5833785773,0.00046468,0.9999999999,0.4409851329
617,0.7959068044,0.9413419752,0.9999309672,0.9456669134
618,0.6471246779,0.0592478934,0.9771502399,0.9995751524
619,0.8646672737,0.1917857145,0.9999590612,0.0026466003
620,0.0020106157,0.1265304691,0.9783515782,0.8722584604
621,0.7959752213,0.0003462499,0.9767803723,0.0027280805
622,0.608173993,0.8308795658,0.0333103233,0.0342939185
623,0.88586073,0.9983301421,0.9999999404,0.7749158048
624,0.8061970703,0.9190985777,0.9999587002,0.0010099336
625,0.7937565737,0.9695570003,9.8745129370711E-08,0.8071748608
626,0.7936765231,0.8471318208,0.0347640558,0.7256931959
627,0.9044467393,0.9402515506,9.9202661945585E-08,0.0030570735
628,0.2187379828,2.43035044811258E-06,0.969029099,0.8721004195
629,0.0025646575,0.0003192967,1.93093971265526E-07,0.0319263318
630,0.9995053181,0.0451550729,8.96618133950058E-08,0.7330575585
631,0.7902199038,4.2578665117275E-06,0.0593774466,0.0208260768
632,0.0034191525,0.0369279581,0.9799426939,0.1903816491
633,0.9952576931,0.9999999687,0.9999999999,0.0199403865
634,0.9995054107,0.0002198644,8.46065341743575E-08,0.9410481931
635,0.0017959619,2.224357098631E-06,0.0634137963,0.0331780636
636,0.6199130412,0.0004599447,0.0605211761,0.0794858513
637,0.9954804953,0.0607135076,0.9999230451,0.8168907652
638,0.0025015068,0.9999963147,0.0583066106,0.718059946
639,0.9621186403,0.9999965975,0.9999999999,0.7162955466
640,0.6987942937,0.0392116812,0.9779174379,0.722917156
641,0.2129814628,0.0003962614,0.9582631776,0.9959086209
642,0.9323755916,2.38052796255354E-06,0.9851488445,0.4512973366
643,0.1463937346,0.0003244836,0.9411248301,0.9954367606
644,0.9273468818,0.9554070037,0.9494615538,0.3476585075
645,0.0010146857,0.9502087894,0.026807803,0.6617824203
646,0.8513957099,0.8283736191,0.9556418812,0.6604340508
647,0.9607630694,0.8337412053,0.9999999408,0.0267940357
648,0.0156050472,2.92272354414865E-06,5.05243074869759E-05,0.894398689
649,0.0010291505,0.0003560565,5.82636216590808E-05,0.1334733667
650,0.0335244555,2.64123470481334E-06,0.9999999999,0.9603783072
651,0.9949448969,0.0448329286,0.9999197039,0.9993020558
652,0.9635418038,0.8439467261,0.9999609175,0.0792784853
653,0.9290069678,0.0002683657,0.9999999404,0.7774837202
654,0.722490678,0.0003360146,0.9999071157,0.0172672754
655,0.812020451,0.8809148909,0.0377980883,0.2278830433
656,0.9951192998,0.0555694164,0.9864098199,0.2200322722
657,0.9994345694,0.9988003673,0.9543404498,0.7724595583
658,0.7395845117,0.0005033339,0.9773702219,0.9217631385
659,0.1454090204,0.0002693399,0.9999999999,0.6195433639
660,0.2205449912,0.8293017548,0.9999632574,0.0010612485
661,0.0039588124,0.9665434504,8.2063320074982E-08,0.6286249707
662,0.9170766458,0.9995161844,0.9772107688,0.9147443033
663,0.929267954,0.8881918459,1.64883458163741E-05,0.7716754445
664,0.1987502461,0.9999959827,0.976491111,0.1754678878
665,0.9966172981,0.9473718176,0.0350517643,0.813937351
666,0.2147099466,0.9704779112,0.9999564137,0.9626812394
667,0.9636112495,0.0425186415,0.0349609126,0.6879809905
668,0.8730825411,2.51024769313572E-06,0.9771675719,0.1787215471
669,0.6050837986,0.0003178611,0.9749050018,0.9993218498
670,0.8121868663,3.46255017949584E-06,5.65904711846654E-05,0.0319209187
671,0.8514674063,0.9983239108,0.9999641419,0.8327931634
672,0.7688053733,2.25730583275873E-06,0.9999999999,0.9235095155
673,0.9551370157,0.0349845429,7.44932351195353E-08,0.0047414963
674,0.7907521705,0.9710658648,5.30581249106597E-05,0.9466063162
675,0.6989011782,0.8298262809,0.9999999999,0.642541029
676,0.0825392238,0.0322589493,0.9999999322,0.8827257017
677,0.0275565996,0.000004164,0.9999569174,0.7505747553
678,0.1804340819,0.9563602133,0.999962676,0.0034281409
679,0.2285839216,0.9994933739,0.991038889,0.9993625327
680,0.6341261481,0.8703548629,0.0569105192,0.9360716697
681,0.0017038073,0.0003170794,0.0635529828,0.7490471011
682,0.8849846128,0.0004632906,0.0631760389,0.9135009209
683,0.1924526681,0.0394731841,0.9896295502,0.956550482
684,0.1572691212,0.0004624148,0.0640896388,0.0204873037
685,0.0259260968,0.9396895539,0.9999278182,0.0316621917
686,0.0025775486,2.37780522713407E-06,5.47353565505831E-05,0.001043814
687,0.0341691523,0.0606800574,0.9999624242,0.830942672
688,0.0038051387,0.9983034649,8.63250200669136E-08,0.001817095
689,0.917143257,0.9529936625,1.5477648494451E-07,0.9255621063
690,0.7892721702,0.9985616055,0.9999999999,0.0036055338
691,0.7628489126,2.16216122701744E-06,0.9771535347,0.8689292249
692,0.9954699651,0.9545162476,0.9777118407,0.675697746
693,0.7950822489,2.90014193233102E-06,0.9999605988,0.9244316266
694,0.2013389688,0.9989375019,0.9874940639,0.0207705282
695,0.6982047278,0.9607572699,0.9999999999,0.9424923578
696,0.4615483026,0.8129893543,1.15864529411709E-07,0.1938809151
697,0.1577375687,2.48557491912633E-06,0.9999999999,0.999304324
698,0.9320363203,0.0773409403,0.9766086418,0.6681025279
699,0.9457265405,0.961574175,0.9568947044,0.6333167665
700,0.4022540172,0.8195746791,0.9785265845,0.7257582732
701,0.1638368072,0.8344757395,0.9999298749,0.7525857461
702,0.0033458422,0.0382716667,0.0628972872,0.1811770455
703,0.9552417759,0.9999968247,0.0186804632,0.0829606587
704,0.1526799188,2.12016186112974E-06,0.9999999999,0.6476007502
705,0.031713354,0.9545677997,0.9999209942,0.9993639169
706,0.8326778291,2.11628037301514E-06,7.29273096561144E-08,0.0025014925
707,0.782888292,0.9999962917,0.0480307781,0.2425216605
708,0.9681609747,0.0005113749,0.9999277914,0.0025979746
709,0.9693743244,0.0003829062,0.9444990888,0.0209278886
710,0.7970968051,0.9985304434,0.0301935191,0.6831874423
711,0.9403392731,0.0003369454,0.9999563895,0.931032721
712,0.0027759761,0.0002855838,0.9727910991,0.6328708643
713,0.427447492,0.0648904807,0.999999934,0.7272246463
714,0.9658548358,0.0002891549,0.9999999999,0.0220766745
715,0.8122727537,0.0349714151,0.9596835646,0.5461971709
716,0.0015484913,0.9999999403,0.9920915158,0.7716537143
717,0.8435384043,0.99862708,8.63871708062663E-08,0.7322063262
718,0.7865084268,0.884935828,0.9999799001,0.9391359752
719,0.9994353903,0.9705934054,5.86104447748122E-05,0.6166661858
720,0.9414787247,0.807062903,4.52312174906548E-05,0.4405618038
721,0.9965644818,2.01329263347006E-06,0.9999999411,0.7284381195
722,0.9469678186,0.8257992432,4.53254918820584E-05,0.0227320762
723,0.9741814195,0.000005045,8.64273486296201E-08,0.0031467064
724,0.7878107858,0.9406285169,9.25812284790087E-08,0.9482962257
725,0.0031697457,0.1965736663,0.0587226992,0.0038053351
726,0.9577686626,0.0003096621,4.84405889795919E-05,0.1806464242
727,0.9995070283,0.9445259758,0.9545465612,0.3565671155
728,0.9309903308,0.9989954223,8.64111428090294E-08,0.3484267204
729,0.6659323322,0.837519448,0.9999103651,0.1704355248
730,0.0024417188,2.95442167260288E-06,0.9911369427,0.153267544
731,0.0217732434,0.940436115,0.9729044412,0.6807552879
732,0.6067328912,0.9778644775,5.56327882716445E-05,0.9449134476
733,0.8797744968,0.9984975919,0.999915334,0.7490431065
734,0.4113340866,0.973996913,0.0576470659,0.7397029248
735,0.220863039,0.8200405283,0.9999333937,0.996053828
736,0.0034068589,0.0348145394,6.89235283136489E-08,0.00263746
737,0.9954766941,0.0589343587,5.65301315724524E-05,0.9481834035
738,0.0015728136,0.9507620076,8.90673729121322E-08,0.8056221516
739,0.1759015205,0.9984039962,0.033769207,0.7555103303
740,0.8981849855,0.9395914013,0.999929925,0.8736245676
741,0.870121274,0.9983875194,0.9759306923,0.8827864307
742,0.9414995889,0.0380393391,0.9834948265,0.0028624508
743,0.406851713,2.0932344204421E-06,0.9760954609,0.7368742505
744,0.8517446172,0.0003378501,0.0641189361,0.1865004899
745,0.2134126261,0.0004598233,8.24928330953286E-08,0.0024277819
746,0.9496463244,0.0002502851,8.68331400634403E-08,0.7762315621
747,0.0022268761,4.1494756883972E-06,0.999923101,0.419503867
748,0.0032546157,0.8574217731,9.36632281305845E-08,0.7723012351
749,0.812354833,3.77181076055986E-06,0.9999600901,0.8680251434
750,0.8026104901,2.61266560081049E-06,0.0594434989,0.8749995049
751,0.8619187212,0.0442893165,0.9999622187,0.9453736988
752,0.6393501407,0.0361355293,9.3124179054735E-08,0.1954422572
753,0.1840705352,0.0004596698,0.9999999362,0.7039509942
754,0.1573384265,0.9982277566,0.9734514873,0.7085366062
755,0.0010758678,0.8667667776,0.0340722578,0.7670976561
756,0.9516939589,0.9633242669,0.9999629214,0.2628533163
757,0.0020113031,0.0003175365,0.000050955,0.1548950229
758,0.6984994764,0.0449124718,0.9999265098,0.937176676
759,0.9994257695,0.0003661922,8.8063199880187E-08,0.2389407402
760,0.2205825221,0.9490761132,0.9999596604,0.0333086894
761,0.1581721361,0.9521034579,0.9894806041,0.0030111944
762,0.9417908158,0.1267452323,0.9759012145,0.8951525744
763,0.2210488769,0.8384476699,6.30642914068468E-05,0.0020599315
764,0.6217448972,0.9982085302,0.9892311951,0.0227046452
765,0.4543519579,2.13239148939813E-06,0.9441273857,0.9159950039
766,0.9949169408,0.9990384795,0.0355013566,0.7581635945
767,0.0022805748,2.64493981635535E-06,0.9999999367,0.0315123943
768,0.9576132737,0.0794354971,0.9999999301,0.878735192
769,0.9614015289,0.9995085435,5.62353363067733E-05,0.7537532364
770,0.0095496146,0.0003032202,0.9564951124,0.5329569674
771,0.0191975815,0.8166997809,0.9761106774,0.1458440053
772,0.27578141,0.9404064748,0.9580091036,0.0026939827
773,0.1488957345,0.79025766,0.9999609569,0.003357466
774,0.8746516078,0.9502219672,0.000000093,0.0786005805
775,0.0023550114,0.9999999714,0.000000078,0.5658171287
776,0.0307650352,0.9381480673,5.49827277664873E-05,0.7627272087
777,0.9155456923,0.000411813,0.9564637704,0.927982051
778,0.0021562402,4.4788159666786E-06,0.9999298761,0.0275380293
779,0.9526971029,0.0406594195,0.9999024719,0.1641668975
780,0.6884467839,0.9987333995,0.9999267922,0.5198051012
781,0.9193883218,0.9984654201,0.9999607726,0.8491903892
782,0.8514604726,0.9999960977,0.9539645174,0.0019312112
783,0.705545617,0.0004323523,5.27034177221819E-05,0.2485936414
784,0.6981286487,0.0387011783,0.0336140504,0.884769145
785,0.9298092869,0.8213043764,7.68926616414578E-05,0.9504892322
786,0.0025781187,0.0004600297,5.12031079992537E-05,0.9437926805
787,0.9199573381,0.0546936085,0.9903424233,0.3785939038
788,0.8584099413,0.9520656791,0.9466052715,0.9444097969
789,0.0033870611,0.9983946966,4.88270654030938E-05,0.1213513915
790,0.9169644408,0.956744465,0.9999284606,0.0328341319
791,0.1480040079,0.8894667033,0.0403174071,0.1701801391
792,0.0015496295,0.9713317516,0.03406945,0.0093259109
793,0.0015451527,2.38586517696015E-06,9.25276778737726E-08,0.8810099458
794,0.6738479788,0.000811597,0.061485685,0.7302171932
795,0.7935544874,0.8454756248,0.0290097304,0.1153769914
796,0.8900265943,0.9984976178,5.96372158340055E-05,0.9441400806
797,0.1895190219,0.8202191547,9.0308086721298E-08,0.9463125922
798,0.4386988021,0.9434922879,0.9999580225,0.9612106864
799,0.8625686242,0.0302997757,0.9564351553,0.7642900335
800,0.9574465707,0.0445189627,8.78823997964288E-08,0.873798655
801,0.6635688239,0.0003241386,0.0247782096,0.663801997
802,0.8799752963,0.0004389592,0.9769641949,0.773348007
803,0.752528573,0.998444795,0.9999999999,0.2237039874
804,0.7434085244,0.0003269591,0.0315370303,0.6684517398
805,0.9650236431,0.9600625433,7.65239243986229E-08,0.7434585763
806,0.0217697992,0.9537579615,0.000000087,0.0093478771
807,0.922153593,0.9695958047,9.4738386160815E-08,0.7609319224
808,0.9949254918,0.0319360104,0.999961679,0.2361924388
809,0.931968626,0.0376681006,0.9999999999,0.7882712171
810,0.0028506429,0.9405886483,9.73989626117864E-08,0.1761996028
811,0.0015190091,0.9983398064,0.0286005157,0.4426106536
812,0.0028182876,0.9999999677,0.9885261861,0.7403785082
813,0.0292068612,0.9999957842,0.9744268126,0.7553881734
814,0.9200323883,0.0002273515,0.9810227228,0.8367435799
815,0.88725855,0.1200652349,0.9999154092,0.0172811594
816,0.9994784743,0.0003221681,0.9462806345,0.7663233291
817,0.2207174872,0.8799272785,8.76679127979458E-08,0.3750722302
818,0.6338264691,0.0004188204,0.9999999409,0.0098681182
819,0.0142503371,0.0005760144,0.9999215219,0.0218308106
820,0.9414390884,1.88977383452103E-06,0.9907652482,0.8277408009
821,0.9631584783,0.0003081027,0.9999582458,0.8409893587
822,0.5412766396,0.999548555,0.9999999999,0.9392551268
823,0.9402751017,0.9984365844,0.9568363387,0.767769373
824,0.7952678524,0.9993828551,0.984359448,0.9938585823
825,0.9366172569,0.9450826584,0.9999599565,0.7705156733
826,0.956617657,0.8346917211,0.9897120794,0.1344098973
827,0.7934206222,0.9999999695,0.9551381695,0.6857802263
828,0.7905357846,0.0397255342,0.9999999419,0.964372354
829,0.805092646,0.0002701913,0.0365280279,0.7887196729
830,0.7134206728,0.0350884852,0.9766640873,0.7769277152
831,0.8124274679,0.9337279005,0.9896515494,0.1115581932
832,0.9579947855,0.9551139541,1.43585141446146E-07,0.9574533165
833,0.8845256299,0.9111304646,0.0635562373,0.951093777
834,0.9224440007,0.847974804,0.9999999999,0.7959844559
835,0.7274251988,0.000002038,0.9999265541,0.996041138
836,0.031625113,0.000434701,0.9999999315,0.6939413141
837,0.0032056538,0.9990789675,0.9999999368,0.9381879801
838,0.137105237,0.0005031939,0.9525375191,0.4359000528
839,0.966101569,0.837283554,0.9562653687,0.965030594
840,0.9996861378,4.11478278734642E-06,0.957087352,0.7719975814
841,0.7233338704,0.0409208857,0.9999621829,0.7683727975
842,0.7094009278,0.9999999553,0.9999297322,0.9378978652
843,0.7931406281,0.9546208703,8.73907800415721E-08,0.4462795159
844,0.8938007323,0.998939965,0.0484560211,0.8678353808
845,0.7888887789,0.0003293637,0.9999999999,0.368148686
846,0.4268940528,0.9991399313,5.86830672765994E-05,0.353875291
847,0.2198592731,0.8807377347,0.9999204449,0.0022753293
848,0.0877203119,0.8693725866,4.52202479992964E-05,0.7582394989
849,0.9349347447,0.0560987128,0.9773538722,0.0034622935
850,0.1169080753,0.0448155891,0.0349387603,0.0232942373
851,0.6302540116,0.000319617,0.9999282928,0.1759137652
852,0.9413394783,0.9534077446,0.014659449,0.0251491081
853,0.0023928962,4.00475686379E-06,0.959399678,0.0029425583
854,0.9948297564,0.0285507897,0.9769801929,0.0185403788
855,0.9952095737,0.0005474928,0.000102946,0.2215054142
856,0.8419444437,0.8810756648,5.42421523818751E-05,0.1911285962
857,0.2206550941,0.8417451429,0.9999488345,0.0414374175
858,0.9954842573,0.8785976232,0.9999999406,0.9165964087
859,0.9628144078,2.11625446974904E-06,0.9999622011,0.0236616964
860,0.9654954542,0.0404421709,4.65937843385665E-05,0.993875817
861,0.8802657123,0.9400634174,0.999915005,0.0030882005
862,0.8840664155,0.000568698,0.99994761,0.995640091
863,0.0030467417,0.968468805,0.8587488676,0.0172181193
864,0.9949323855,2.52187748946939E-06,0.9999244051,0.6570058842
865,0.8037450983,2.00606953062733E-06,0.9999477971,0.8745745883
866,0.0295990281,0.0403135052,0.9999999999,0.1921511909
867,0.031958292,0.8887605655,0.000053625,0.0340075688
868,0.6207025626,0.1251607729,0.9756737493,0.7454655647
869,0.9403950295,0.1084231213,0.0001089916,0.7819416953
870,0.1960537815,0.0406134208,0.9999271023,0.961137731
871,0.1764780586,0.0004618498,0.0334208815,0.7360400043
872,0.8150844019,0.9988899506,5.82960806106269E-05,0.0193493091
873,0.0204253773,2.32781890319785E-06,0.9799872512,0.9993663518
874,0.8631891027,0.8932995963,0.991617852,0.0012170509
875,0.7122183535,0.1300317106,5.58220511986113E-05,0.6655606804
876,0.9996856712,0.0002818479,0.9834355292,0.1649070208
877,0.0033735582,0.9995014714,0.000000078,0.2071613998
878,0.0010121279,0.9604576619,0.9766017112,0.1674076301
879,0.8122566792,0.0005693401,0.9766734923,0.9462956284
880,0.020223278,0.8551317077,0.9774384952,0.7525557299
881,0.0820075828,0.8949430408,0.0313890753,0.9347789684
882,0.0197086042,0.8321874856,8.24809882260401E-08,0.2422519632
883,0.9994200025,0.999213081,0.9999613845,0.8097664995
884,0.0200867502,0.9983650113,0.9420599529,0.0035211319
885,0.8925174972,0.8501901539,0.9768169029,0.4327500882
886,0.7757261598,0.0008469404,0.9818754919,0.0018124768
887,0.7908801052,0.0003113061,0.9999999352,0.0024500826
888,0.9619145377,0.9620015624,0.9730937246,0.953146775
889,0.9954898606,2.6966973460478E-06,0.9999595954,0.6838740937
890,0.0180917165,0.9558802066,6.86101621878855E-05,0.7477504466
891,0.9303327562,0.0004575363,0.9999272429,0.7609834699
892,0.7907703432,2.46765241840453E-06,0.0643912178,0.9943611343
893,0.8862539225,0.0552722624,0.9775299313,0.9944036757
894,0.2232151216,0.0774219985,0.9912008185,0.2221057881
895,0.9387757603,0.0400035893,0.9881918124,0.9938788898
896,0.7232074803,0.000002445,0.9999285011,0.7735856451
897,0.4113507744,0.9573863032,0.9551433298,0.7647645017
898,0.8846375867,0.0381692612,0.000000132,0.0271493318
899,0.8782704812,0.0395015808,5.44252537439314E-05,0.8179873249
900,0.1850712261,0.9989502296,0.0354528401,0.035447225
901,0.9616886779,0.9994704792,0.9999999999,0.9993599713
902,0.8778922244,0.0004637902,0.9819613454,0.6860423847
903,0.0016438403,0.9999999726,0.9999309975,0.0026462238
904,0.8647160066,0.8236465363,0.9999999999,0.0035676486
905,0.936784813,0.0003049033,0.9999298363,0.7775582542
906,0.7907153343,0.9063221257,0.9790730838,0.9956460357
907,0.8847370214,0.9990773029,1.51577641658636E-07,0.6530098038
908,0.7896749735,0.9528178829,0.034535228,0.8838864304
909,0.7320282796,0.9991360146,5.55259066899626E-05,0.9993408839
910,0.2273082577,0.0004987679,4.65096074905801E-05,0.0792861702
911,0.020038889,2.19545290059282E-06,0.0666780938,0.5798078528
912,0.0202338267,0.939223522,0.9999292537,0.667821491
913,0.0207798782,0.9982613614,0.9764539977,0.2290565831
914,0.7380326197,0.000003703,0.9524937627,0.9510621914
915,0.8627978058,2.48387867908194E-06,0.9999999999,0.9386409373
916,0.995464032,0.0470673471,8.48710655950037E-08,0.0015274768
917,0.9449344972,0.998363813,0.999948761,0.7748871785
918,0.4388655451,0.9583086923,0.9999999999,0.0288300729
919,0.0024471782,0.9992319785,0.0644727396,0.8743233063
920,0.9138826937,0.9999967962,0.9999273266,0.7745858957
921,0.1972334217,2.59807385404208E-06,1.64811038902123E-07,0.8828347196
922,0.0021775666,0.0468215831,0.0570272455,0.0035101321
923,0.9946494526,0.000279482,0.9581136846,0.0203419299
924,0.7467915806,0.853410475,0.9999618274,0.9992895375
925,0.8933433191,0.953257193,0.9999999384,0.9495834747
926,0.0015478626,0.0002775786,0.0350167099,0.9524545303
927,0.9608607313,0.035029526,0.0301348671,0.9514235745
928,0.1549743523,0.9602025922,0.9564473499,0.621437527
929,0.8649756065,3.14922869460431E-06,0.9999999387,0.8075127872
930,0.9499547478,0.9990806975,0.0364602683,0.0032229331
931,0.7229611226,0.95667969,0.9745250297,0.6275376361
932,0.8798761491,0.8769871706,0.999927112,0.8822769578
933,0.0037331479,0.9447216232,0.9999330094,0.03198754
934,0.9410446634,0.9999999869,0.9908023814,0.9938597426
935,0.9995060027,0.9366715136,9.04771511233596E-08,0.0859546695
936,0.0038169858,0.9557213921,0.000000083,0.0023035045
937,0.7127224428,0.9993355624,0.9999999309,0.9502702271
938,0.0023736728,0.000311454,0.8574982115,0.8272746411
939,0.789060626,0.0003459648,0.9559617173,0.9993904821
940,0.8837896298,0.9409223012,0.9999614428,0.0024021779
941,0.2353111593,0.9443934934,0.9999281767,0.0272568327
942,0.9996810869,0.9983574811,0.9999626772,0.7552822952
943,0.7223155982,0.0001942613,0.9729695799,0.1137365338
944,0.9911498571,0.0002998278,5.48715506613838E-05,0.9608196496
945,0.0333631238,0.0470324363,0.9834165375,0.1948350902
946,0.8939100599,0.9744723447,0.034336082,0.7565043674
947,0.019875644,0.0004473177,5.07063634923436E-05,0.8909551885
948,0.8628879529,0.9999999701,0.9916266826,0.1876873248
949,0.9530152935,2.3652873190962E-06,0.9999999999,0.8055129057
950,0.7447810521,0.881150853,0.0341795316,0.0200829435
951,0.0798440657,0.9680824379,0.9770185078,0.9623383835
952,0.0022475032,0.9981628532,0.99044811,0.668760156
953,0.0097348695,0.9437625787,0.0628429134,0.66479024
954,0.9501835664,0.9999999674,5.64548251930031E-05,0.9644382827
955,0.117328074,0.1083689625,0.9999999999,0.2259608845
956,0.9284020863,0.0002834552,0.0623340597,0.0037906265
957,0.9300013241,0.9999999712,0.9999226821,0.0226258441
958,0.898122845,0.197978689,0.0647611372,0.7770676308
959,0.8044331717,0.9228396271,0.9836329742,0.1688758908
960,0.9588131118,0.9558581518,5.80304830650217E-05,0.7723428495
961,0.9653956963,3.42973421017654E-06,0.064621272,0.0185200412
962,0.0033476744,0.9646558529,0.9999999353,0.2613026414
963,0.7860618776,0.0003064409,5.23354335199451E-05,0.9586927162
964,0.0195227616,0.849740208,0.9822277353,0.8746412537
965,0.0264167823,0.0003245714,0.9737513239,0.9140271762
966,0.1896824442,0.9712434803,0.9776053211,0.7677103893
967,0.9357427416,0.0003268929,0.987396501,0.9536374061
968,0.8587847014,0.0403373832,0.9462931613,0.9364638738
969,0.0022869723,0.0003479614,0.0290369677,0.8141372876
970,0.9495784172,0.9575165923,0.9737892266,0.9405121181
971,0.0310588547,0.9983592536,0.0644271273,0.0034627763
972,0.0213036327,0.0422757578,0.0616018574,0.8721600692
973,0.7332616357,0.9558647611,7.41654140487786E-08,0.9625861439
974,0.1979353111,0.9987418469,0.9999292283,0.999297741
975,0.629303046,0.939082406,0.9999999206,0.4628414322
976,0.0360060312,0.0004484186,0.9718927587,0.9935221985
977,0.8115508826,2.11879037528094E-06,5.33544767513623E-05,0.003386522
978,0.1702984254,0.0482917928,0.99996222,0.9543409711
979,0.9947186593,0.9677483765,0.9999270789,0.9476778349
980,0.003062338,3.12847965611013E-06,0.9760415491,0.7566372971
981,0.8044884031,0.9763036654,0.9999188816,0.9509076252
982,0.8119679103,0.9988001773,0.9583089276,0.0325067871
983,0.0034656631,0.8179127751,0.9999999399,0.0036388479
984,0.7938749327,0.9984079681,0.000050942,0.118719476
985,0.0025913218,0.8380682462,0.9754786274,0.9351338297
986,0.735219047,0.0003526263,6.186550076123E-05,0.8395549746
987,0.9560041063,0.0402107076,7.53833760665452E-08,0.8029938553
988,0.0240091,0.8661078381,0.9557709708,0.1794127961
989,0.9550526733,0.0002979791,0.0662199113,0.8773674186
990,0.9193020491,0.000488258,0.9999253661,0.6140859518
991,0.5082155264,0.9553007308,0.0618516634,0.0212666762
992,0.2127184434,0.9617695473,0.9999287842,0.7539553562
993,0.7121052758,0.000486219,0.9485061272,0.1892652542
994,0.9970959332,0.9991841166,0.9893203249,0.9950542765
995,0.0319192773,0.9982880669,0.0659444918,0.0305444762
996,0.6350860644,0.9999962085,0.0604527177,0.6058129911
997,0.0845892269,0.0324527283,0.0610242412,0.9943807549
998,0.191078614,0.000383827,0.9770322287,0.888057924
999,0.9012863775,0.8877977301,0.9535977655,0.0047813741
1000,0.960751441,0.259840652,0.9763667603,0.1646043509
1001,0.1494842357,0.9514342467,9.78216133449102E-08,0.9434511558
1002,0.963219624,0.9999999674,9.30724076272015E-08,0.8341984578
1003,0.00226472,0.9989890846,0.9999999336,0.0353583474
1004,0.6695076215,0.0671476099,0.9999999999,0.2344461305
1005,0.8038346498,0.0360800724,0.9788370904,0.8131015001
1006,0.9532648606,0.0370540976,0.060375042,0.0237223161
1007,0.96437469,0.0002975697,0.9999606248,0.7543230916
1008,0.158336517,0.9985277599,0.9540780281,0.0208594453
1009,0.0214989795,0.8802560985,0.9999104366,0.9958053269
1010,0.8041375503,2.19580242382059E-06,0.9808071003,0.0028666455
1011,0.7103426789,0.1109214284,0.9999304375,0.1902750014
1012,0.0328425999,0.9630215044,0.9923204542,0.0219041715
1013,0.0015950836,0.0002650895,0.9999999364,0.9606936086
1014,0.0218375893,0.118786056,0.9999999418,0.0034632066
1015,0.6947846266,0.9989253235,0.9999999999,0.7614910431
1016,0.9229437456,0.0002925757,7.37542781990663E-08,0.9338245976
1017,0.961963785,0.9983025521,0.9849370504,0.2258963034
1018,0.9487104361,0.000003166,8.38779939869379E-08,0.003656023
1019,0.7287637408,0.9345454132,0.9999999386,0.9437284324
1020,0.0026761036,0.9573346301,0.9999999416,0.8463022216
1021,0.6221366134,0.8179733231,0.9999999999,0.6070087635
1022,0.0206885734,0.0002460263,7.06919153075602E-08,0.7320289185
1023,0.0034024124,0.9988034281,0.9999999999,0.7539830808
1024,0.624656322,0.058445136,0.9999272688,0.0214025921
1025,0.1174956292,0.9383353606,0.9999120917,0.7190508813
1026,0.4091170843,0.936188965,0.9559558098,0.622061927
1027,0.757407652,0.8386720942,0.9806532387,0.6418580351
1028,0.0285611784,2.16794064066302E-06,0.9762788474,0.0218345037
1029,0.0312037659,0.1176586079,0.9549014653,0.003581072
1030,0.0024064186,0.9999962519,0.9999092904,0.1323817348
1031,0.9994460018,0.9666670711,0.9833772772,0.0274922723
1032,0.7224839919,0.9987596122,0.9999999999,0.3634877492
1033,0.6231944992,0.8417642331,0.9587157885,0.9358596656
1034,0.7906785255,0.0382351235,4.03282823672732E-05,0.9939226932
1035,0.8948227415,0.8997972311,0.0308970263,0.0198488296
1036,0.9158136432,0.9587781866,0.999922476,0.5347930632
1037,0.9404756708,0.9498109157,0.9766077213,0.6471836032
1038,0.8123398113,0.9208662968,0.9920667305,0.9370761605
1039,0.9532631529,1.94569282481589E-06,0.9999591612,0.2168770959
1040,0.9555852217,0.9992986002,0.9713891196,0.9616334038
1041,0.022435089,2.16751697449186E-06,0.9999999405,0.9993089277
1042,0.0028930267,1.94656501394728E-06,0.000000127,0.1505370171
1043,0.0022468113,0.9981896858,0.9897960166,0.4457732338
1044,0.0398492902,0.9999999702,0.9999551568,0.0023923668
1045,0.8119390754,2.41993976351324E-06,0.0621199887,0.7285629134
1046,0.9551528376,0.8193056734,0.9999625492,0.9462986551
1047,0.0032449099,0.9989296693,0.0474814526,0.1383241831
1048,0.9599414423,0.2429974,0.9831441558,0.9624950003
1049,0.0259486796,2.20535461799758E-06,0.000055155,0.6015224262
1050,0.7171508055,0.9642716923,0.9999999999,0.7337645139
1051,0.0040238575,0.9982658128,0.0332004582,0.2614935254
1052,0.94107858,0.9991045843,0.9496980838,0.946510545
1053,0.0816060278,0.9681911629,0.9999999999,0.9564275977
1054,0.81196326,0.9989807859,0.958430631,0.7193014653
1055,0.91848658,0.9526826581,0.0347137426,0.7773372794
1056,0.8722643908,0.9999999724,8.79314370584422E-08,0.9473379329
1057,0.8125231218,0.9534711864,0.9914397184,0.0291776501
1058,0.1360317684,0.0360146451,0.9999999999,0.9993171423
1059,0.9600471277,0.1207162413,4.9751864305677E-05,0.2303040754
1060,0.0034416428,0.9348121969,0.000040857,0.0764179635
1061,0.0258606175,0.0333491379,0.9999999999,0.6190000406
1062,0.0026704035,0.8531454106,0.0605648346,0.0170165391
1063,0.1555671621,0.9371308476,0.9762466668,0.8775936356
1064,0.8044313161,0.0004940644,6.8764880950032E-05,0.7078091321
1065,0.81212628,0.1184592053,0.0292150538,0.9598825621
1066,0.8061858239,0.9999970547,9.97875450292115E-08,0.934507668
1067,0.630393861,0.9555949712,0.9999289205,0.2192505832
1068,0.9422493151,0.0342313685,0.9903476827,0.0033400604
1069,0.7881977258,2.64485261799809E-06,8.51519561374192E-08,0.8100652495
1070,0.1963389185,0.8349294173,5.35135261585673E-05,0.2215484391
1071,0.0343765696,0.9999962714,0.9999613535,0.8272704413
1072,0.9329072996,0.9999964198,0.9778302153,0.9102251921
1073,0.9948576654,0.0591934229,0.0284606084,0.0099582311
1074,0.8713062267,0.8911231321,0.990115669,0.8683277097
1075,0.958215868,0.999999969,0.9761411824,0.7766042803
1076,0.0222705879,0.9999959982,0.9999294326,0.7630424337
1077,0.0031423489,0.9561196477,0.033333503,0.0010873423
1078,0.9229886403,0.8271154859,0.9999999396,0.8689213463
1079,0.0035848753,0.0003927966,0.9583947744,0.0298358716
1080,0.0202070634,0.9549717307,0.9999999999,0.8766317418
1081,0.9029212874,0.04567078,0.9999999396,0.2370445322
1082,0.2034759585,0.0004102393,0.9752522946,0.9272152266
1083,0.1982898881,0.9978312951,0.060419915,0.4674306318
1084,0.777269974,0.9984613579,0.9878147119,0.0273891595
1085,0.6314396421,4.66037516347159E-06,0.9904990156,0.6245952735
1086,0.9493419007,0.956116386,9.38095222698474E-08,0.8853756131
1087,0.8520833343,0.0433207363,0.0305800964,0.1696534623
1088,0.2017879366,0.9359391361,0.0615349972,0.0313361521
1089,0.7371863262,0.8272118241,0.9568478582,0.8496881864
1090,0.6977674063,0.8090526657,5.78809414455827E-05,0.9247653174
1091,0.9606805369,0.9542340409,0.973734535,0.9993849075
1092,0.0033697548,0.0320087845,0.9999999367,0.8362479814
1093,0.8117002232,2.68768294850381E-06,0.0591388647,0.0342547714
1094,0.0021688188,0.9510475606,0.9999594384,0.0193964373
1095,0.8117279132,0.0003689841,0.9999610964,0.029343645
1096,0.9492710965,0.000002637,5.55299177774884E-05,0.9341665981
1097,0.9309237469,0.8231260139,0.9999094154,0.7568665572
1098,0.9645658632,0.0009670446,0.9885976508,0.9935309152
1099,0.1783958278,0.0433912247,8.78147273664523E-08,0.9547737613
1100,0.9028850144,0.072400284,0.9999624131,0.9140819434
1101,0.0022622839,0.0337151297,0.0589908472,0.1613777247
1102,0.9455331582,0.0374941096,0.9853683794,0.7586329551
1103,0.9253114098,0.0630619597,0.9999299744,0.9507725053
1104,0.9949226721,0.8743802358,0.9759329042,0.002872511
1105,0.0164472467,0.9345992672,0.9999309736,0.7721458866
1106,0.0335316492,0.0410904637,0.9999254412,0.7572821752
1107,0.0033157807,0.8679494784,0.0343379939,0.9612498887
1108,0.0198483741,0.0675045068,9.42089858457958E-08,0.0038317335
1109,0.247572551,3.04364399107963E-06,0.9999152972,0.837785247
1110,0.033134888,2.25410456267003E-06,0.9806223807,0.816669839
1111,0.7942306814,0.0003182267,0.9476950849,0.1513454678
1112,0.0092463102,0.9991763221,0.9773416464,0.0011361016
1113,0.9411405481,0.9985189254,0.9907758358,0.8746933249
1114,0.0216714751,0.9999999686,9.39334338162254E-08,0.3537039472
1115,0.2735316273,3.07811567636655E-06,0.0619939036,0.5471492649
1116,0.0322660148,0.9430522034,0.9999129173,0.3955077598
1117,0.9419723486,0.0004423625,9.16868471253144E-08,0.9050077211
1118,0.001063444,0.0333121077,8.4913673588249E-08,0.6346290303
1119,0.6778506441,0.9524292463,0.9999999999,0.9957833092
1120,0.9960631119,0.9543050826,0.9999601853,0.0804630926
1121,0.9189619623,0.8240157453,0.9870076979,0.9993721027
1122,0.963972363,0.0582521613,0.9925233997,0.7768192475
1123,0.9994355262,0.000002445,5.44277604543107E-05,0.0230039241
1124,0.7179131116,0.9628379209,0.9999297987,0.9508296722
1125,0.9115996959,0.9683195324,0.9999280631,0.6566420356
1126,0.8829224997,0.9990204597,0.9999999999,0.2202530167
1127,0.9414107077,0.0003014986,0.951957493,0.8163419935
1128,0.138707626,0.9560125487,0.9999999412,0.8425206906
1129,0.2510658922,0.8986170547,0.9999626378,0.6680245714
1130,0.0021853377,0.9376498732,0.9909930285,0.623594301
1131,0.0037108329,0.8225068372,0.9521213792,0.9454555339
1132,0.9994441052,0.998999213,5.38390978867475E-05,0.7753667796
1133,0.9614002454,0.9609383726,0.9999604755,0.037439139
1134,0.0036915921,0.8251659474,5.30669438640046E-05,0.9611959108
1135,0.7166163664,0.9999964856,0.9860789472,0.1854022498
1136,0.9455580395,3.6058035460744E-06,7.82949247369187E-08,0.0200828911
1137,0.9312395829,0.9563035592,4.46769236673849E-05,0.0028912866
1138,0.9458809519,0.9999999692,0.9999681984,0.0195704293
1139,0.4801708649,0.9520053202,5.6422548447614E-05,0.8783515113
1140,0.1596003455,0.0002892531,0.9999999999,0.1904281495
1141,0.594737977,0.8431598027,0.0286907558,0.180217474
1142,0.0032364593,0.0004057501,0.9999999339,0.599849325
1143,0.0020592906,0.0003316867,0.9999999421,0.9993019988
1144,0.959809033,0.0002657981,5.36530723591679E-05,0.0839478011
1145,0.0022286495,0.9629228967,0.0640215769,0.9024751278
1146,0.9531713665,0.9992799059,0.9999999413,0.9383184799
1147,0.9564240347,0.7935936928,0.99999994,0.6597094909
1148,0.0035212042,3.56975727680431E-06,0.000047443,0.2360003492
1149,0.9994466384,0.0004586905,0.9773044416,0.9254422943
1150,0.2320844432,6.61751335415492E-06,8.07233466255683E-08,0.9590258499
1151,0.0838981117,0.9994863281,0.0342225341,0.9673286809
1152,0.7827647228,0.9999958927,0.9999174524,0.8386439437
1153,0.8521281752,0.1431995367,0.9999633295,0.7122359887
1154,0.2288428115,0.8863631558,0.9999999999,0.9057242634
1155,0.6948747419,0.9999959258,0.9766118873,0.7160864408
1156,0.9542506701,0.0390603565,1.78831064275147E-07,0.999297279
1157,0.0104816497,0.9990562927,0.0621581917,0.0010460592
1158,0.0234787882,0.950904964,7.96992776373739E-08,0.962354913
1159,0.8126274715,2.3991016290749E-06,0.9999999378,0.7526694902
1160,0.1358585526,0.9999999691,0.0627578284,0.0021126674
1161,0.9606584611,0.0004266639,0.9902980473,0.226059087
1162,0.0035355353,0.9411245351,0.9999999407,0.9635377909
1163,0.002192206,0.0575031659,0.9999631432,0.7225123765
1164,0.6377620541,0.9989253676,0.9999638427,0.0015775293
1165,0.9995056507,0.0002859381,0.9999287411,0.7337986288
1166,0.640138589,0.0512309872,0.9781117142,0.7637229126
1167,0.9453135515,0.9681861473,0.9725972187,0.6216235181
1168,0.999441431,0.9725972187,0.0656782948,0.2275832298
